name,sgRNA
NTC-001,AAAACAGGACGATGTGCGGC
NTC-002,AAAACATCGACCGAAAGCGT
NTC-003,AAAATAGCAGTAAACTCAAC
NTC-004,AAACCTAGCCCCAATACTTA
NTC-005,AAACGAGATCGAGAAAGGTA
NTC-006,AAACGGTACGACAGCGTGTG
NTC-007,AAAGAAAGAGGAATAGTAGC
NTC-008,AAAGATATAGCAAATTATGG
NTC-009,AAAGCGACGTAGGCATACTT
NTC-010,AAATAATATGCATCTCTCGA
NTC-011,AAATACAAGCTATAGCGATA
NTC-012,AAATGCACAGATCGCTGATC
NTC-013,AAATTGGCTTTCGTTCGTGC
NTC-014,AACATCTCGTTAGGGGTATC
NTC-015,AACGCGAGTCCGGTGGCTAG
NTC-016,AACTACAAGTAAAAGTATCG
NTC-017,AACTAGAATAGGCGGGCTTG
NTC-018,AAGAATTAGGCACGGTTACT
NTC-019,AAGAGCGAATCGATTTCGTG
NTC-020,AATATTTGGCTCGGCTGCGC
NTC-021,AATCGACTCGAACTTCGTGT
NTC-022,AATCGCAGGTATCCCAGAGC
NTC-023,AATGCGAGTGTATCCGCAGT
NTC-024,AATTTAAGCTTCGTAACTGG
NTC-025,AATTTATCGTCAACATTAAT
NTC-026,ACAAAAAACTACGGTGATTA
NTC-027,ACAAAATGCCGTGCGTCAAT
NTC-028,ACAAAGATCGCATGGCATAC
NTC-029,ACAGCCCTCACGAGCCCGAA
NTC-030,ACAGCGCTCTCGTGTACTAT
NTC-031,ACAGGTTCTTATTCATTGAC
NTC-032,ACATAGTCGACGGCTCGATT
NTC-033,ACCCATGAGTTAAGTTTTCT
NTC-034,ACCCGATAATAGCTACTGGT
NTC-035,ACCCTCCGAATCGTAACGGA
NTC-036,ACCTATAATCGACCACATTT
NTC-037,ACCTATTGTCCCTTCAAGCT
NTC-038,ACGATCGGTAATGGTCTGTT
NTC-039,ACGCATGCTTCCCAAAGCGT
NTC-040,ACGGGGTGAAACCATGTCGT
NTC-041,ACGGTACATGCGCATGAGTC
NTC-042,ACGTCCATACTGTCGGCTAC
NTC-043,ACGTTCGAGTACGACCAGCT
NTC-044,ACTACTGGCTATCCGCGCCA
NTC-045,ACTAGAGTCATGATCAGCGA
NTC-046,ACTAGCCTGTTCGCGAGTAG
NTC-047,ACTATCATGGCACCCAATTG
NTC-048,ACTATTTAATATTGGTAAGT
NTC-049,ACTCAGCCATTTTATTAGAA
NTC-050,ACTGAGTGGGTAACACGCAT
NTC-051,ACTGCGGAGCGCCCAATATC
NTC-052,ACTGCTGCTGACATCTCTTA
NTC-053,ACTTACGGCACTCGCATGCC
NTC-054,AGAAACTGAACTATCCTACT
NTC-055,AGAACCCAGACGCCAGCGGT
NTC-056,AGAAGAAAAAAATGTCTACG
NTC-057,AGAATGCCATCTAGTTAGTA
NTC-058,AGACACGTCACCGGTCAAAA
NTC-059,AGACTCGTATTGTCATATTA
NTC-060,AGCACGTAATGTCCGTGGAT
NTC-061,AGCGATTCACGTATTAGATG
NTC-062,AGCTGGACTCTGTAGAAATC
NTC-063,AGCTTTCGAAATTGAGTGTC
NTC-064,AGGGCACCCGGTTCATACGC
NTC-065,AGGGTCAGTCTGTCCTTTTT
NTC-066,AGGTCAAGCCGACCTCGAAC
NTC-067,AGGTCGGCCGAACATACGGT
NTC-068,AGGTTGAATACCCCTTACTA
NTC-069,AGTATTGTGGTGTCGTCAAC
NTC-070,AGTCATAACTGAGTGAATCG
NTC-071,AGTGTTTGAAAAAAGGGCGG
NTC-072,AGTTCCCAGAAATATATTGC
NTC-073,AGTTCTGTTCGATAGATGCC
NTC-074,AGTTGAATGGACCTCGACTA
NTC-075,ATAATCCGGAAACGCTCGAC
NTC-076,ATACCAGATGCGTCCGCTTG
NTC-077,ATACGAGGCGCTTTTCTTTG
NTC-078,ATACGCATGATTGCAAGAGG
NTC-079,ATAGCAGGACGAGGTTCCTT
NTC-080,ATAGCCGCCGCTCATTACTT
NTC-081,ATAGCTAAAGTTGATGTGTA
NTC-082,ATAGTAACGTCAGGGAGTAA
NTC-083,ATATAAACTGTCGCGGTAAA
NTC-084,ATATTTCGGCAGTTGCAGCA
NTC-085,ATATTTTATGACATAAAAAT
NTC-086,ATCAAAGTGTCTGACTTATT
NTC-087,ATCAAGTCAGGTTATGCGGG
NTC-088,ATCACGTGATCGGATGGTTC
NTC-089,ATCAGCCCATTTCTGCGCAC
NTC-090,ATCAGGCCTTGTCCGTGATT
NTC-091,ATCCAGATCACCACGCGTCA
NTC-092,ATCCATGTGGTTACAATATT
NTC-093,ATCCTAGGTACAAAAGGACG
NTC-094,ATCGGTACCTCTTCACATAT
NTC-095,ATCGTATCATCAGCTAGCGC
NTC-096,ATCGTTGCTGACAGGATCTA
NTC-097,ATCGTTTCCGCTTAACGGCG
NTC-098,ATCTCGGGTCGACTGCGGAT
NTC-099,ATCTCTATACTGTCACTCGC
NTC-100,ATCTGAGCGTTTTCGGCCGC
NTC-101,ATCTGTCCTAATTCGGATCG
NTC-102,ATCTTCAGGGTAACTACGAA
NTC-103,ATCTTCTCGACGAAAATGCG
NTC-104,ATGACATTGCGCGTCTACGG
NTC-105,ATGATATCTGACATGCAGCG
NTC-106,ATGCAAGACAGCCTCCCAGC
NTC-107,ATGCCTTAGACTTAACCTCG
NTC-108,ATGCGAAACGACATTTATTA
NTC-109,ATGCGCAGCTCCAGAATTTT
NTC-110,ATGCGCTTTAATCGCCGTTC
NTC-111,ATGTCTAGACCTAATCGTTT
NTC-112,ATGTTATTACAGACGCGTGT
NTC-113,ATTAAACGACACCTTATTCT
NTC-114,ATTAGCACGGCGACCTTCTA
NTC-115,ATTAGCCGTTGCCATATCAA
NTC-116,ATTAGGCCTTTTTCTTAACT
NTC-117,ATTGCGCAATCCTTAGGATA
NTC-118,ATTGCTCTGTCGCATCAATC
NTC-119,ATTTAGTAGACATTGGGTCT
NTC-120,ATTTATAAACACAGGGTCGC
NTC-121,ATTTTCGAAAGCTTAGGCCA
NTC-122,CAAAATCTAGCAATTTTTGG
NTC-123,CAAACAGTCTAAGGCGACGA
NTC-124,CAAATACAATTACTTATAGC
NTC-125,CAACACCCCGCGTTATGCTA
NTC-126,CAACGACGGGCCTAGTCTCA
NTC-127,CAAGACCTTATCGTGCAGCG
NTC-128,CAAGCATTTAGACACCTGTC
NTC-129,CAAGTGAGCATAAGCGATGT
NTC-130,CAAGTTTTCTGAAAGGCAAT
NTC-131,CAATCGGCGACGTTTTAAAT
NTC-132,CACCATAGAACCTGAAATAC
NTC-133,CACGAACTCACACCGCGCGA
NTC-134,CACGGCCTAACTTGCTGATA
NTC-135,CACTGCAGTATTCGTGGCCT
NTC-136,CACTTACACATGAGGCGGTA
NTC-137,CAGAGCCTTGCGCAATTTTG
NTC-138,CAGCCTATTTTGCTACCTAC
NTC-139,CAGCGGTGCTATTTGGTCTT
NTC-140,CAGGAGTCGCCGATACGCGT
NTC-141,CAGGCTGCGCTTCGCAAGCT
NTC-142,CAGGGTTGCGCAGAGGACTC
NTC-143,CAGGTTTGCACGCATAGCTA
NTC-144,CAGTAGCGATCGAATGTCAA
NTC-145,CAGTGTCCGAGCGATATTTT
NTC-146,CATAAGGTTAACTGCGTGGA
NTC-147,CATAGGTCCCTAGCAACTCC
NTC-148,CATCATAAATGTACAACGGG
NTC-149,CATGAGCGCATTGAATAATA
NTC-150,CATGGCCTACGGTGTCTTTG
NTC-151,CATTAGTCTGATACCTGTGC
NTC-152,CATTGCACTCGTTGCCAACG
NTC-153,CATTGTATGAACGCAATAGC
NTC-154,CATTGTTGAGCGGGCGCGCT
NTC-155,CCACACCTGTCTAGCATGAC
NTC-156,CCAGCAATACCCCGGTATGG
NTC-157,CCAGGCTGAAGTTCGTACCT
NTC-158,CCAGTGCCCTTTTGTCGCAA
NTC-159,CCATATCGGGGCGAGACATG
NTC-160,CCATTCTCAACCGGTCCAAT
NTC-161,CCCAATGGCTTCTGCGTGAC
NTC-162,CCCAGGTGTATAATGAAACG
NTC-163,CCCCAACTTTCGCGACTCCG
NTC-164,CCCCGTAGCTCATTAGTCTG
NTC-165,CCCGATGGACTATACCGAAC
NTC-166,CCCGCTAACAGCCTAGATCA
NTC-167,CCCGTGGCGTGCGCACCTGT
NTC-168,CCCTACCTATCCGGTGCTTT
NTC-169,CCGCGCATTTCAGAGCACAA
NTC-170,CCGCTATTGAAACCGCCCAC
NTC-171,CCGGGAGATTAACGTTAATT
NTC-172,CCGTTGGACTATGGCGGGTC
NTC-173,CCTAAACTCAGACGCACTAC
NTC-174,CCTACTCCCGTGTGTTATCC
NTC-175,CCTAGTTCATAAGCTACGCC
NTC-176,CCTCGGGCGTAAATACTCAT
NTC-177,CCTGCGCGTAGAACAGTGGT
NTC-178,CCTTATGGAATCAGACCGTT
NTC-179,CGAAACCCTCTTAAGTTAAC
NTC-180,CGAACTTAATCCCGTGGCAA
NTC-181,CGAAGTCTTTCTTAGATGGT
NTC-182,CGAATATTATTTCTATCGGG
NTC-183,CGAATCGGAACTTTGTACCG
NTC-184,CGACCCGGAGGATGAGATGT
NTC-185,CGACGCTAGGTAACGTAGAG
NTC-186,CGACGGTAATGCACCTACTA
NTC-187,CGACTAACCGGAAACTTTTT
NTC-188,CGAGCAAAGATTGTTGGATA
NTC-189,CGAGTGTTATACGCACCGTT
NTC-190,CGCACATCTAAAGTTACTAC
NTC-191,CGCAGTACGTATAGACTTAA
NTC-192,CGCAGTCATTCGATAGGAAT
NTC-193,CGCATAAGTCGATAGACACA
NTC-194,CGCCCGTTTATGTGGCTACC
NTC-195,CGCCGGGACCGTTAGGGAAT
NTC-196,CGCCGGGCTGACAATTAACG
NTC-197,CGCCTAATTTCCGGATCAAT
NTC-198,CGCGACGACTCAACCTAGTC
NTC-199,CGCGCACCACGGGCGCGCAC
NTC-200,CGCGGAAATTTTACCGACGA
NTC-201,CGCGGCCCACGCGTCATCGC
NTC-202,CGCTAAATTGTCACACGTTT
NTC-203,CGCTAGGTCCGGTAAGTGCG
NTC-204,CGCTAGGTTATTTCGTGGCC
NTC-205,CGGCACACCAATGCGTTCGT
NTC-206,CGGCACTAGAAGTTTTTGAA
NTC-207,CGGCCGCATCCTGTTATATT
NTC-208,CGGCTTTGTTGCCCGTAAGC
NTC-209,CGGGTCTCCAAAGATCGCTT
NTC-210,CGGTAGTATTAATCGCTGAC
NTC-211,CGGTGCTGTGAAAGCCGAGC
NTC-212,CGTAATTTTGTAATCGCTTC
NTC-213,CGTAGTAAATATCTAGCTAA
NTC-214,CGTATTCGACTCTCAACGCG
NTC-215,CGTCATATACACAAACGCCC
NTC-216,CGTCGGGTAGCTATTTCTTT
NTC-217,CGTGCGGTAAATACGAAATA
NTC-218,CGTGCGTGAAATCGCTAGCT
NTC-219,CGTGGCCGGAACCGTCATAG
NTC-220,CGTGTAAAAATACCTTTCTA
NTC-221,CGTTAAGACTAGCTCGGTTT
NTC-222,CGTTGGGCATAGCGAACACT
NTC-223,CTAAAATTTTTGCGTGTTTG
NTC-224,CTAACATGAGTACATAGATA
NTC-225,CTAACGGACTGCAGAACGGA
NTC-226,CTAAGTTTGTTAATGGGCCA
NTC-227,CTAATCACGACCTCACCCTA
NTC-228,CTAGAGGGGTATAGCAACAA
NTC-229,CTATAACCGAATCAAAGGGT
NTC-230,CTATATTGTCGCGCAGTGGA
NTC-231,CTATCTCGAGTGGTAATGCG
NTC-232,CTCAACCGACCGTATGGTCA
NTC-233,CTCAGTGGATACGATTTGCT
NTC-234,CTCCCAGTACCAGTCAGTTC
NTC-235,CTCCCATTGATCTACGATGG
NTC-236,CTCCGTTATGTGGCATGAGA
NTC-237,CTCCTTACGTCGGGCATTAA
NTC-238,CTCGACAGTTCGTCCCGAGC
NTC-239,CTCGGAATACTCCTATTACA
NTC-240,CTCGGCCCACTTGCGTTATA
NTC-241,CTCTTTTGAGATTGACAAGT
NTC-242,CTGAAGGTGTCTGGCAGAGC
NTC-243,CTGAGTGAAAAATAAAAGTT
NTC-244,CTGCGTGTCTTGCTCGCATG
NTC-245,CTGTATTAACGAACCTTGTG
NTC-246,CTGTCCACCTACAGCGATGT
NTC-247,CTTAACACTTTAGTGCGTCA
NTC-248,CTTACAATCGTCGGTCCAAT
NTC-249,CTTACGCGCCTGGTCAAAAG
NTC-250,CTTAGGATTCCGAGGTATCT
NTC-251,CTTATTACTCCAGTATAAGA
NTC-252,CTTCCGTTATTCGGAAGTGA
NTC-253,CTTGTTGCGTATACGAGACT
NTC-254,CTTTATCTGGCGTGGGGTAT
NTC-255,CTTTTTTTATTTATCGATCG
NTC-256,GAAACGAGAAGTTTGTACTA
NTC-257,GAAAGGCATAGTGAGAATGG
NTC-258,GAAATGCTATGCTTCGGTTC
NTC-259,GAACCCAACCTTTTACCGCA
NTC-260,GAACGCCGCTCAAGTTGATA
NTC-261,GAACGTCCAAGCAAGGGAGC
NTC-262,GAAGCGATCCGAGAGTGTAT
NTC-263,GAATCGACCGACACTAATGT
NTC-264,GACACTATCCAACCCAAGAG
NTC-265,GACAGATCACGTATCAGGGC
NTC-266,GACCCCCGATAACTTTTGAC
NTC-267,GACCGCGTGAGATAACGTCA
NTC-268,GACCTATGCCAGAAAGTTCG
NTC-269,GACGCCCTAATGCCCATCGT
NTC-270,GACGTAGCCTTCCGAAATAT
NTC-271,GAGAAGTGGGGAGCCATTGG
NTC-272,GAGACCACTTTCGTGCAAGC
NTC-273,GAGAGTGCGCCTTGATAGTA
NTC-274,GAGATGATAACTTAATTTGT
NTC-275,GAGGTATGTCATCGCCATGA
NTC-276,GAGTAATTTCGAACGTATTG
NTC-277,GAGTACAGCGATTCCTCATG
NTC-278,GAGTGATGCTTAGACTCCGT
NTC-279,GAGTGTAAGCTAACACTCTG
NTC-280,GAGTTATTTATTCTCTCGAG
NTC-281,GATATCCCGCGAAAAAATCT
NTC-282,GATCATAATCGCTTCAAGCA
NTC-283,GATCCAGCAATATTTCTTAA
NTC-284,GATCCTTCTCTTTTTGGTTT
NTC-285,GATCTAGTCCTCTAATCGAT
NTC-286,GATGTGATCTATGGTTGCGA
NTC-287,GATTCATACTAAACACTCTA
NTC-288,GATTTTAGCTTAGGTCTTAC
NTC-289,GCAAAAACCCAACGCTATTC
NTC-290,GCAAAAGTGGCATAAAACCG
NTC-291,GCAAACCCGAGTGACACGTC
NTC-292,GCACGCTGTACAGACGACAA
NTC-293,GCAGCGAGATAACTTGACTC
NTC-294,GCAGTACTACTGAGTTTTTC
NTC-295,GCCAACAAGAATCGGATCCC
NTC-296,GCCACACGAATCATAAAGAG
NTC-297,GCCCAGACGCCCTAGAATAG
NTC-298,GCCCTTCAATGCGTTCCGTA
NTC-299,GCCGCCGATTTCATAAGTAA
NTC-300,GCCGTGGTATCAAGTCGGTA
NTC-301,GCCGTGTTGCTGGATACGCC
NTC-302,GCCTGCCCTAAACCCCGGAA
NTC-303,GCCTGGGTTTTGGTGCATAC
NTC-304,GCGATCGGAGTGCCACGATA
NTC-305,GCGGCGTCATCCACGCGTGC
NTC-306,GCGGCGTCTGGGAATCGTTC
NTC-307,GCGTGCGTCCCGGGTTACCC
NTC-308,GCGTTCCCCCACTGACGGGG
NTC-309,GCTCGCAAGTATTTAAGGAC
NTC-310,GCTGAACGCCGACAGGACGG
NTC-311,GCTGATATATACGACAAGCC
NTC-312,GCTGCGGCGAGATCACATAA
NTC-313,GCTGGAGAGACAATTCTACT
NTC-314,GCTTAACCTATCCGCCAGTA
NTC-315,GCTTAAGTCACGGCTTTCCA
NTC-316,GCTTGCATAATTCTGGCCAG
NTC-317,GCTTTTTCCAGCGAGAGCAA
NTC-318,GGAATTACGACTAACCGATT
NTC-319,GGACTATCCACCGTTTACTC
NTC-320,GGACTTTAGTTCCAGTGGTT
NTC-321,GGAGTGGTCCCGTACGCAAC
NTC-322,GGATACCTGGGCCGACTTTC
NTC-323,GGATATTGAGTAAACCCGAT
NTC-324,GGATCTAGCTACCTCAAAAG
NTC-325,GGATTAATTCGCTAAATGAT
NTC-326,GGATTTGTCGCTTGCCACAC
NTC-327,GGCCGTCGTATTCCCCCAAG
NTC-328,GGCGCATTAAAGTCGAGAGC
NTC-329,GGCGTCAAAATTAGAAGCCG
NTC-330,GGCGTTAATTAAACTGTTTT
NTC-331,GGCTGGTTGACCTTCCCGCT
NTC-332,GGGACGCGAAAGAAACCAGT
NTC-333,GGGACTGATATATGGCGAAC
NTC-334,GGGACTGTAGGAACATCCGC
NTC-335,GGGAGGTGGCTTTAGGTTTT
NTC-336,GGGATGCGTCTTGCTAAACC
NTC-337,GGGCCCGCATAGGATATCGC
NTC-338,GGGCGCTAAGATATATGCCC
NTC-339,GGGCGGTCAGGTCGCTCCGA
NTC-340,GGGCGTGTATGTTCGTATTG
NTC-341,GGGGCTTACGTGAAGGGCGG
NTC-342,GGGTATAGACGCGATCCTCA
NTC-343,GGGTCGAGGACTAATAGATT
NTC-344,GGGTGCCCACTAATAGCCGC
NTC-345,GGTACTGGAAGTCCGAAACC
NTC-346,GGTCCCTCAGGGTGCAACTT
NTC-347,GGTGCTTAGCTCTGCGCACA
NTC-348,GGTTAGAGACTAGGCGCGCG
NTC-349,GGTTCGAGACCTACTTAAGT
NTC-350,GGTTTTATAAGGGTGGGCCT
NTC-351,GTAAATTAATGTAACTACCG
NTC-352,GTAAGGCCCGCGTACGAGCT
NTC-353,GTAATTTTATGAGTTAAGTG
NTC-354,GTACATTCCAGTATTCACGC
NTC-355,GTACCCCTATGGCCGTTCTA
NTC-356,GTAGACGTCGTGAGCTTCAC
NTC-357,GTAGCTGCTGTAAATCGCAT
NTC-358,GTATTAAGATGCGTCTTAGA
NTC-359,GTCAAGAGATTATGAGATTC
NTC-360,GTCATCAGCGATTTGACGAG
NTC-361,GTCCCGTGATTTTAGCCAGG
NTC-362,GTCGTCCGGGATTACAAAAT
NTC-363,GTCTTCACAGGGTGCAACGA
NTC-364,GTGAGATGCACCTTTTGGCC
NTC-365,GTGATAATGATGTATTCTCG
NTC-366,GTGCGACGAATTGTCCTGAG
NTC-367,GTGCGATGTCGCTTCAACGT
NTC-368,GTGCGTGAGTATTAACGCTC
NTC-369,GTGTAGTCCTAGCCATGGGG
NTC-370,GTGTATGAATGTTAATTCCG
NTC-371,GTGTATGATGCTTCGACTTA
NTC-372,GTTACCTGCTACGAAAACGA
NTC-373,GTTACGTACCCTCCAACTTC
NTC-374,GTTAGGAATAAAAGCTTTGA
NTC-375,GTTATCCTGTCGAAGTAAAG
NTC-376,GTTCCCCGGGAAGTCTATGC
NTC-377,GTTCCGTGAGGGTTACTTCA
NTC-378,GTTGCGAGTTACTATTGGTT
NTC-379,GTTGGCATATTGGCCCAGAC
NTC-380,GTTTAAAGAAAGGGGCTAAG
NTC-381,GTTTACTCATATCCAGTCAC
NTC-382,GTTTTCAGTTGCCCAACAGC
NTC-383,GTTTTTGGTTAATTGCCTAC
NTC-384,TAAACAAAAAGGAAATAGTT
NTC-385,TAAACCCTTGGCGCCCTCAC
NTC-386,TAAAGCAGAAGAATATACAG
NTC-387,TAAATTCAGACCACAGCTAA
NTC-388,TAACCGATACTCCCCACATT
NTC-389,TAAGATCCGCGGGTGGCAAC
NTC-390,TAAGGCGACCTGCGCTTGTG
NTC-391,TAATCACATTGCTTAACCGG
NTC-392,TAATCATGCACATTCGGGAC
NTC-393,TAATGCTGCACACGCCGAAT
NTC-394,TACATGGTATAGTGTTTATT
NTC-395,TACCCTCCGGATACGGACTG
NTC-396,TACCCTGGATTGTCCTTGCG
NTC-397,TACGAAACATCATGGGTTCC
NTC-398,TACGCTTGCGTTTAGCGTCC
NTC-399,TACGTAAGTGACGACAGGAA
NTC-400,TACGTCATTAAGAGTTCAAC
NTC-401,TACTGGAGTTTGCGACTCGG
NTC-402,TACTTTTTGGAATCCGTCTA
NTC-403,TAGACAACCGCGGAGAATGC
NTC-404,TAGAGATATCCGATCGTGGT
NTC-405,TAGATCGAGTTTATTTTCCT
NTC-406,TAGGAGCTGTATCTAGTGGC
NTC-407,TAGGGGATTAGCTGACAGTC
NTC-408,TAGTCAACATTCGCAAGAGG
NTC-409,TAGTGGAAAATGAATATTGA
NTC-410,TAGTTACAGACTCAGCGGGT
NTC-411,TAGTTCTAATCGTTCCTTGA
NTC-412,TATAACGGTAATGGGATTCC
NTC-413,TATAGCTGTTTCGAAGGCGC
NTC-414,TATCAATCGTCCGGGTCACT
NTC-415,TATCGCTTCCGATTAGTCCG
NTC-416,TATCTCTGCATAAAAGTGCC
NTC-417,TATTTATACACTATGCGGCA
NTC-418,TATTTCTCCTAAGTCTAGCG
NTC-419,TATTTTGACTTGACGCAGGC
NTC-420,TCAACCCCAGCGCACCGTTG
NTC-421,TCAATTCTCACTCACGACCA
NTC-422,TCACCTCCGAACGAACACCT
NTC-423,TCACTTTACACTTGTAGTGT
NTC-424,TCAGGATCAGGGTGTATGGC
NTC-425,TCAGTATCGGCTGCTGGTAA
NTC-426,TCCAGCGCGAGCTTACTCGT
NTC-427,TCCCCGAGACCATCTTAGGG
NTC-428,TCCCGGTTGGTGAACGATAC
NTC-429,TCCCTGCATTCATGGTTTTA
NTC-430,TCCTCACCTAAAGTGCAATA
NTC-431,TCCTGGATACCGCGTGGTTA
NTC-432,TCGATCGAGGTTGCATTCGG
NTC-433,TCGCGCTTGGGTTATACGCT
NTC-434,TCGGCATACGGGACACACGC
NTC-435,TCGGGCAGTGAGTACAATAC
NTC-436,TCGGGGACCACCCACGATCC
NTC-437,TCTAAAGCCGTCCTGATGTT
NTC-438,TCTACGTGTAGTTGTACATA
NTC-439,TCTATTTTGTCTGCGCAGAA
NTC-440,TCTCGTAGCCTAATGCGCCA
NTC-441,TCTGACGATTAATGCTTCTA
NTC-442,TCTGGCTTGACACGACCGTT
NTC-443,TGAAGTGGGGCGTCGGACAC
NTC-444,TGAATCGAATACAAACGATG
NTC-445,TGAATCGTAACCTCGCCATT
NTC-446,TGACGCGATAGAGTTGGCTT
NTC-447,TGACTAGCTCTTACATATTC
NTC-448,TGACTCGGGCAATATCGGTT
NTC-449,TGAGCGGCCTCTAATTAATC
NTC-450,TGCAACCTTCCTTTTCAGGA
NTC-451,TGCATGCCGAGCATTTTCAA
NTC-452,TGCCCACTTAGCAACACTCT
NTC-453,TGCCGCTATACTAAAACCTT
NTC-454,TGCCGTGAAAAGACGCTGCG
NTC-455,TGCCGTTAGCATGCGATCCC
NTC-456,TGCCTCTCCCTTACCCGGAC
NTC-457,TGCGGCGTAATGCTTGAAAG
NTC-458,TGCTCACTCCACTCCTCAAC
NTC-459,TGGAAATCGACTGTGCGCTT
NTC-460,TGGAGTGCACGCGAAAAGAA
NTC-461,TGGGAATTCCTCGGCCGATT
NTC-462,TGGGGACGTTTATCAATATA
NTC-463,TGGTTCCGTAGGTCGGTATA
NTC-464,TGTAGATATAGGGTGTCTAC
NTC-465,TGTAGTCTGGGGTAGACTCC
NTC-466,TGTCATTAGCGTAACGATAT
NTC-467,TGTCTTCGGATAGGCGGCTT
NTC-468,TGTCTTTAAACACGCCATCG
NTC-469,TGTGCACAAGTCGCAACGAA
NTC-470,TGTTCTACTTTCGAAGTTAA
NTC-471,TGTTTTGCATGTTGCATAGG
NTC-472,TTAACGCCTTATTTTTATGT
NTC-473,TTAACTCGAACGCTCGAAAG
NTC-474,TTAGCCCTCGATTGGTTGCG
NTC-475,TTATATGGTTTTAAACGGCT
NTC-476,TTATCGCGTAGTGCTGACGT
NTC-477,TTCACCGTCCACGTGCGCAT
NTC-478,TTCAGCGAGTGTGACTAAGC
NTC-479,TTCCACGGTAAAATCGGTCA
NTC-480,TTCCTAAGATTTTTAAGACT
NTC-481,TTCCTAGAGTTGGCAGACGC
NTC-482,TTCGTGGTAGGTATAACTAT
NTC-483,TTCTAAGCCACGTGTGGTAC
NTC-484,TTCTTCGGCCTACACCCGGT
NTC-485,TTGGATATTAATTAGACATG
NTC-486,TTGTACGGTACTGGCTTTGT
NTC-487,TTTACGAAGTATACCAGGTC
NTC-488,TTTACGATCTAGCGGCGTAG
NTC-489,TTTATGCATTTAATACGCCG
NTC-490,TTTCTAGTTACTACTGGACG
NTC-491,TTTGGCAGTACCTTTTATTA
NTC-492,TTTGGTCAACGCATAGCTTG
NTC-493,TTTTACCTTGTTCACATGGA
NTC-494,TTTTGACTCTAATCACCGGT
NTC-495,TTTTTAATACAAGGTAATCT
NTC-496,TTTTTCTCACCCGATGAATC
NTC-497,AAAAAGCTTCCGCCTGATGG
NTC-498,AAAATCGATGGGCTGAATCT
NTC-499,AAAATTATCGGAAACGGTAG
NTC-500,AAACCCTATGCCCAAATGAG
NTC-501,AAACTGTAGTGCAGGGTCAG
NTC-502,AAAGACTTGCTCCAAAACAC
NTC-503,AACAGGAAACGTGACTAAAG
NTC-504,AACCACGGCATTGAGAGGTG
NTC-505,AACGCTGTCGTACGTGTATA
NTC-506,AACGTGCTGACGATGCGGGC
NTC-507,AACTAGCCCGAGCAGCTTCG
NTC-508,AAGAAGAATTGGGGATGATG
NTC-509,AAGAAGGGCCGTACCCGAAA
NTC-510,AAGAGATCACATCTAGGCCA
NTC-511,AAGAGTAGTAGACGCCCGGG
NTC-512,AAGCACTAGTCCGTATGATG
NTC-513,AAGCCATTGTATAACTCCAG
NTC-514,AAGCGGGCACACATGACAAG
NTC-515,AAGGACTGGAATATGGAGAG
NTC-516,AAGGCAATTTACTGGATCCT
NTC-517,AAGGCGCGCGAATGTGGCAG
NTC-518,AAGGGCGTGCCCTGCGTTGT
NTC-519,AAGTGACAGATGGGCAGGCG
NTC-520,AAGTGACGGTGTCATGCGGG
NTC-521,AAGTGTGTGCATAGCAGGGT
NTC-522,AATCTTACTCGTCCTCCTTG
NTC-523,AATGGGTTGCCGGGAGTAAA
NTC-524,ACAAACGACCTTGAGCAGGG
NTC-525,ACACCCATTCTCATAACGGA
NTC-526,ACACCGAAGCACCTGTACGT
NTC-527,ACATACCCCCCTGGTTCAGA
NTC-528,ACCACTAATGAGATTCTTGT
NTC-529,ACCCAATGTGGCGGAGCCGA
NTC-530,ACCCATATATGCTGCCGCAC
NTC-531,ACCCATTGAGAGTCGCCTGA
NTC-532,ACCGCTCATATAGGTAAAAA
NTC-533,ACCTTACAATAAGTTATATT
NTC-534,ACGCCATATTTCTGGCTCTA
NTC-535,ACGCCTCCTCAAATTAGCTC
NTC-536,ACGCTCAGCACCCGCTATGC
NTC-537,ACGCTCTCCTGGCAACAAGT
NTC-538,ACGCTGACGAGTAAAAGCGG
NTC-539,ACGGAAAGACCTCGCTATTC
NTC-540,ACGGAGGCTAAGCGTCGCAA
NTC-541,ACGGGCGGCTATCGCTGACT
NTC-542,ACGGTGGGGATGGACCTACT
NTC-543,ACGGTTATGGTCTCATGGGG
NTC-544,ACGTCAACTGCTGGAGTGGG
NTC-545,ACGTCGTTTAGCACCCGGCT
NTC-546,ACGTGGGGACATATACGTGT
NTC-547,ACTACTCCGGCAAATACTCG
NTC-548,ACTAGGGCAGTGTGTCTGCA
NTC-549,ACTCGAAATCACCTATGGTA
NTC-550,ACTGCTCCCGGTCGCCCCTC
NTC-551,ACTGCTGCTGTCTTCTAAAT
NTC-552,ACTGTTGCCGCGCCAACTGC
NTC-553,ACTTCAGTTCGGCGTAGTCA
NTC-554,ACTTCCCACTTCTTAGGTTG
NTC-555,AGAAGACCGAGGCGCTTCAA
NTC-556,AGACCCCGTAGGCAGGACGT
NTC-557,AGAGCATGATGACCCGTGAC
NTC-558,AGAGCGTCTTCGTGACAAAC
NTC-559,AGAGGGATTGGGAGCTTGAC
NTC-560,AGATGGTCAGATCTAGTAGT
NTC-561,AGATTCATTCACGAGTTGGG
NTC-562,AGCATTCTCACCAAGACCGA
NTC-563,AGCATTTGCGCGGCAACTGT
NTC-564,AGCCCGCCACAGAATAGCTG
NTC-565,AGCCGGCTTGTGACAGTGAA
NTC-566,AGCGATCTGGACACTCTCCA
NTC-567,AGCGCAGATAGCGCGTATCA
NTC-568,AGCGCTCTGGTTGCATCCCT
NTC-569,AGCTAGCGATGGCTCTAAGT
NTC-570,AGCTCCATCGCCGCGATAAT
NTC-571,AGCTCGCCATGTCGGTTCTC
NTC-572,AGCTGAAAATATACGTATTC
NTC-573,AGCTGCGCGCTACTGGATCA
NTC-574,AGCTTAATGTGCAGGTCAGA
NTC-575,AGGACACAGGATACGCAGCT
NTC-576,AGGACTAGTGTCGCACTCAG
NTC-577,AGGAGTGTTATGAAAAGGCT
NTC-578,AGGATCGTGTACCGGGGACG
NTC-579,AGGATGCTGAACAAGTACGT
NTC-580,AGGATGGATTGAGCAGCGGT
NTC-581,AGGCCACAAATTGTATACAG
NTC-582,AGGCGCCAACATTGACCGTA
NTC-583,AGGCTTAAATGGCGAGATTG
NTC-584,AGGGAAACCTCTATGGGTAA
NTC-585,AGGGATCGTTAGGAAGGGAA
NTC-586,AGGGCGAGCAGCAGAGTACG
NTC-587,AGGGGCAGGGCTATCTTATG
NTC-588,AGGTAAGCCCCTTAGAACTG
NTC-589,AGTACCCCTAGGTATGGGGA
NTC-590,AGTAGACGGACGGTGAGCTG
NTC-591,AGTATGAGACTCATAGGGTG
NTC-592,AGTATTAGGTACCTGCCCTA
NTC-593,AGTCTTAAAGACCCTAAGCT
NTC-594,AGTCTTGGCCAATGTCACGG
NTC-595,AGTGAGTGACAACCAGATCG
NTC-596,AGTGCTACTGAAACTTGCCT
NTC-597,AGTGGGGCGCTAAGTGGGGG
NTC-598,AGTGTATCTTCCACCTGTCT
NTC-599,AGTGTGGAAAAGCTAACAGA
NTC-600,ATAAGCCACACTACCCGCCT
NTC-601,ATAAGCTACTCTGAGTTCCT
NTC-602,ATACAATACTTTGGCGCATA
NTC-603,ATACGGCCGAAGCCCCTTCA
NTC-604,ATACTCTCACAGGTACATAA
NTC-605,ATAGAAGTGTGACCGCTGGG
NTC-606,ATAGCGGATGTCCTTGGAAA
NTC-607,ATAGGCACCTTAAGGGTCTC
NTC-608,ATAGGTCATCCACTGGGCGG
NTC-609,ATATGACAGGGCAAACGCAT
NTC-610,ATCGATATACCGCCATAAAA
NTC-611,ATCTACAATCCAGCCCTCTA
NTC-612,ATCTGCCATGGCGTCCTGGC
NTC-613,ATCTGTGTGACTGCGGTCGG
NTC-614,ATGCTGCAGCTTTACGATCA
NTC-615,ATGGAAGAGCGTCATGACTT
NTC-616,ATGTAACGAGTTGTAAGTCA
NTC-617,ATTCAGCGCGCTCGCCCTGG
NTC-618,ATTCATGCGCCGCCTCCTCT
NTC-619,ATTCCTTCGGCGCTCTGCGT
NTC-620,ATTGAGAATTCGTTTCAAGG
NTC-621,ATTTAAACCGTTACACAGTC
NTC-622,ATTTAGTAATGCACACCCAG
NTC-623,ATTTCCCTACGGAGATATCC
NTC-624,CAAAAAGGCGTTTGAGCGTG
NTC-625,CAAAAGTCTCGCTTGGTCCT
NTC-626,CAAAGGGGGAAGTGCAGGGA
NTC-627,CAAATGCCATTTAGGTTATC
NTC-628,CAACCGGCGGGCCCCTACAA
NTC-629,CAACGGGTTCTCCCGGCTAC
NTC-630,CAATATCGGGTGCTACAGGA
NTC-631,CAATGGCGTGGACATTTGAT
NTC-632,CACATAACATGAGGTATCAG
NTC-633,CACATGGGGTACAGCACACC
NTC-634,CACCCGGAACCACTACTGAG
NTC-635,CACCCTTATATTCAGTAACT
NTC-636,CACGCACAATCCTTCACGCA
NTC-637,CACGCCAACTAAAACTGCAG
NTC-638,CACGCTTCTGCCATCACCGG
NTC-639,CAGACCCAGTAAAACCACCA
NTC-640,CAGACCTAGCTCCGCTCCCA
NTC-641,CAGACGGTTGGTAAGGACGC
NTC-642,CAGAGACAATGACATGTAGA
NTC-643,CAGCGCCGAAACTCTTTCCG
NTC-644,CAGTCGTTTCTATGGGATCT
NTC-645,CATCTGTAGGGTTGCAAGCC
NTC-646,CATGATAGATCAGTCTTCCC
NTC-647,CATGGCATAAGTATAAGACA
NTC-648,CATTAAACCTTGCCCCACAA
NTC-649,CATTAGCAGCCCAGCGCCCA
NTC-650,CATTGCACGCCACAGCATTG
NTC-651,CCAAAAAGATGAATATCTCG
NTC-652,CCAATCTTGAACGTCATGTT
NTC-653,CCAATGATAAGCCCGAACGG
NTC-654,CCACGATGCCACCTCATCCC
NTC-655,CCACTGGTAAAGGCTAGACT
NTC-656,CCAGAAAGCCTCTCCATTAC
NTC-657,CCAGAGCCTTGGTTTATATC
NTC-658,CCAGCCAAGAATCCAGCCCC
NTC-659,CCAGTTATAATTAGGGGTTT
NTC-660,CCAGTTGCTCTGGGGGAACA
NTC-661,CCATAGCTCTAGCGATAAAC
NTC-662,CCATCACCGATCGTGAGCCT
NTC-663,CCATTCACAATCCCACTACA
NTC-664,CCATTCCGTAAGGGCTTGGA
NTC-665,CCCCTATGCAGACTACAATT
NTC-666,CCCGCCGAAGACCCTGCTTG
NTC-667,CCCGGACGTCAAAGCTGGAT
NTC-668,CCCTCAGGAGCTACTAAGGT
NTC-669,CCCTGTGAAGGAGGCGTAAG
NTC-670,CCCTTCTGGCGGGCCAAACA
NTC-671,CCGCTGTCTCACTAATCTCA
NTC-672,CCGGCAAGAAACTATACTTG
NTC-673,CCGTGTTCCACAACTACCCT
NTC-674,CCGTTGATCCCCAGGCGTGC
NTC-675,CCTAACCCCTGGCCAGGAAG
NTC-676,CCTAAGGGGTACCACCATGG
NTC-677,CCTACGCGGTAGGGAACTTT
NTC-678,CCTAGAGGTCCCAAGGCGTG
NTC-679,CCTCCGTGCTAACGCGGACG
NTC-680,CCTCGATGGTCACCTGTAGC
NTC-681,CCTCGTCCAGATTCCGGCGG
NTC-682,CCTCTCACCGACTCTGTGTC
NTC-683,CCTCTCCCAATCTACAGCTC
NTC-684,CCTCTGGAAGGACACTTCTG
NTC-685,CCTGCGGTGCACGGCTAGCC
NTC-686,CCTGTCGCTATCGTTAGAGA
NTC-687,CCTTGAAATCAAATCAAACC
NTC-688,CGAAACCTCCTAACTGAGAG
NTC-689,CGAACTTCTGGCTGCAGTTT
NTC-690,CGACAACGTGCAGGTGTATC
NTC-691,CGACCCATGGATGTGAACCC
NTC-692,CGACTGACCCCTGGGTGAAG
NTC-693,CGAGTGGGAAACGGGAATCA
NTC-694,CGATGCCCGTCTATGGCCCG
NTC-695,CGATGGATCCCTAGTTCCTG
NTC-696,CGCAAGGTGTCGGTAACCCT
NTC-697,CGCAATCCCTTAGGATAGCC
NTC-698,CGCACGACCATTGCTGCTGC
NTC-699,CGCAGGCTAGATGACACCAG
NTC-700,CGCCGTTCCGAGATACTTGA
NTC-701,CGCCTCTCACGTGTAGGCTT
NTC-702,CGCGCAGAAGGCAAGCAGGG
NTC-703,CGCGTGCATCTGCCGAAGGC
NTC-704,CGCGTGTAGCTGGAGACAAG
NTC-705,CGCTAGTACGCTCCTCTATA
NTC-706,CGCTTCCGCGGCCCGTTCAA
NTC-707,CGGAGCTTAGCGTGGGGGCG
NTC-708,CGGAGTAACAAGCGGACGGA
NTC-709,CGGAGTTAACCTGGAACCTT
NTC-710,CGGCACCTGTTAGGCTATTC
NTC-711,CGGCCAAAGAATTAGAAGTT
NTC-712,CGGCTCGTTCTACGCACTGA
NTC-713,CGGCTGAGGCACCTGGTTTA
NTC-714,CGGGACGTCGCGAAAATGTA
NTC-715,CGGGATGCAGCTGGAGAGGA
NTC-716,CGGGATGGTCCCTGCCGAGA
NTC-717,CGGGCCTATAACACCATCGA
NTC-718,CGGGGAATTGCACGGCGGAA
NTC-719,CGGGTTATGTGATGCCATCT
NTC-720,CGGTGAGCCACACGAAGGAA
NTC-721,CGGTGTGCCCCCAAATATTG
NTC-722,CGGTTTACATCTGCCCATCG
NTC-723,CGTCAAGTATTAAGCTGCTT
NTC-724,CGTCCAGAAGAACGGCCCCT
NTC-725,CGTCGAGTGCTCGAACTCCA
NTC-726,CGTCGCCATATGCCGGTGGC
NTC-727,CGTGCCTTTACATTCACTTT
NTC-728,CGTGGTAGGGGTTTCCTCAA
NTC-729,CGTGTGTGGGTAAACGGAAA
NTC-730,CGTGTTTGGAATTTGCCGCG
NTC-731,CGTTGTAGGGTCTTTCTTGA
NTC-732,CTAGCCGCCCAGATCGAGCC
NTC-733,CTCACGGGGACATACAGGGC
NTC-734,CTCATGAGTCGTTTCTTTCA
NTC-735,CTCCCTGCCGGCCGGGTTAG
NTC-736,CTCGCACCATTGAGGGTAGT
NTC-737,CTCGGGACTAACGTGAGAGC
NTC-738,CTCTCTCCTACCTGTCCACC
NTC-739,CTCTGTGAGATGTCCCGAAA
NTC-740,CTGACGTGTCTGAAATGAGT
NTC-741,CTGCCCCAGGCGTAATCCTC
NTC-742,CTGCCCTCTTGAAATAGCCA
NTC-743,CTGGATCGCCCGCAGAAATA
NTC-744,CTGGCCGAATCTCACTATGT
NTC-745,CTGGCTTATTAGCTATAAAG
NTC-746,CTGGTGACCGACAATTACAC
NTC-747,CTGTGTTGCTCCCCTCCCCT
NTC-748,CTTAAGCTTATCAACATCCG
NTC-749,CTTAAGGCGAGAAAAATTAG
NTC-750,CTTAAGTCATGAGCAAAGAT
NTC-751,CTTACCCCTATTATAATGAA
NTC-752,CTTAGCTGACCGACAAGGTG
NTC-753,CTTCCTGCGTGGCTTTAAAC
NTC-754,CTTCGACGCCATCGTGCTCA
NTC-755,CTTCTAGCTGGTTCATTGCT
NTC-756,CTTTGATAACGTGGGCGGTA
NTC-757,GAACCGACTTGAAGGGGGCT
NTC-758,GAACCTCCCCGAATATCTGG
NTC-759,GAACGTAGAAATTCCCATTT
NTC-760,GAACTCAACCAGAGGGCCAA
NTC-761,GAACTGGCAAACAGGCGTGG
NTC-762,GAAGACGTGCTGGCGTCACC
NTC-763,GAAGCGGGACCGTGTCTCAC
NTC-764,GAATAGATTTGTCAGTTAGG
NTC-765,GACAATCATGGTGAAAGCGG
NTC-766,GACAGTGAAATTAGCTCCCA
NTC-767,GACCGCAAAGTGGTCCGAAG
NTC-768,GACCTTCATTGAAGAAAAGC
NTC-769,GACGAGGGCGGCAGAGCAGT
NTC-770,GACGCCTTGCCCGGCTCACA
NTC-771,GACTGAAATCCAAGGACTGT
NTC-772,GACTTCTAGAATATAAAAGA
NTC-773,GACTTTGGTTGAGCTTCAAT
NTC-774,GAGAAGGATGGAAATTAGAA
NTC-775,GAGAGCGTTAGCGTGGGATG
NTC-776,GAGCAATCCAAAGTTAACGG
NTC-777,GAGCAGCTGTCAGGTCTTGT
NTC-778,GAGCTTAGCAAAGGGTTGGG
NTC-779,GAGGACCTTAAGGTGACATG
NTC-780,GAGGGGGCTTCAAACATGTG
NTC-781,GAGTCGAAGATGGTCTAGGA
NTC-782,GAGTTTCTAGTAGTGGTAGG
NTC-783,GATATGGCTCGAGTAATCTT
NTC-784,GATCCAGGAGTGATCGAGTA
NTC-785,GATGGCGCGCAGTTGAGTCA
NTC-786,GATGGCGCTTCAGTCGTCGG
NTC-787,GATTGTGGTCGCTCAAAACC
NTC-788,GCAAATTCAGACAGCTAATT
NTC-789,GCAAGGTCATGAAACCAAGC
NTC-790,GCAATGCAATCGCAGGAGCA
NTC-791,GCACAAAACCAGCAATGGTC
NTC-792,GCACATCGTTATATACCAGA
NTC-793,GCACGAGGTGAACAGCCGCT
NTC-794,GCACTTTGTTTGGCCTACTG
NTC-795,GCCAGCGGGGATATGGTGAA
NTC-796,GCCAGGGTATGGGCATCTCG
NTC-797,GCCAGGGTTCTTGGTCCCGA
NTC-798,GCCATTCTAGTCCCGGCATA
NTC-799,GCCCCAAGCTAGAACTCAGC
NTC-800,GCCCCGCCGCCCTCCCCTCC
NTC-801,GCCCCGTAAATCTCATTACA
NTC-802,GCCCCTTATGATTGTTATAG
NTC-803,GCCTAGTCTCGGTAAGAGTG
NTC-804,GCCTATCGGCATTCCCACTG
NTC-805,GCGAACCCCGTAGCCAGGCT
NTC-806,GCGAATGCCTGAAAGTATAA
NTC-807,GCGGAATGAACACGAGGTAG
NTC-808,GCGGGCAGAACGACCCTGAC
NTC-809,GCGGGGCGGTGACTTTCAAG
NTC-810,GCGGTTCCGGGAGCACATTT
NTC-811,GCTAAGGTCATGTTTGCAAT
NTC-812,GCTAGTGTCGTGGGGGATGA
NTC-813,GCTAGTTTCTGTTAGCTCCT
NTC-814,GCTCCCATCCATAGTAAAAA
NTC-815,GCTGTTCCGAAGTTGAGAAT
NTC-816,GCTGTTGTAACGGTAGATAT
NTC-817,GCTTCGCTGGCAGGACCTCA
NTC-818,GCTTGCTATATGGGTGCGAG
NTC-819,GCTTTCAATTGCAAAAATAC
NTC-820,GGAAACTGGGTTTCATCGTC
NTC-821,GGAACCCTCCCTGCGATAGA
NTC-822,GGAACGAGGCAGTGACAGGG
NTC-823,GGAATCCGGAGCTCATGAGG
NTC-824,GGAATGTCCTAGGTTACTGA
NTC-825,GGACCAACTCCCCTGCCCAC
NTC-826,GGACGCACCATTCCGGGTGA
NTC-827,GGAGAGGAAAATCGGCACAG
NTC-828,GGAGAGGGCCCGCGAACTCA
NTC-829,GGAGATGCGGCCTTCTCAAA
NTC-830,GGAGTATAAAAAAGTGGTGT
NTC-831,GGATGTTTCTGTGCGCACAT
NTC-832,GGATTGAATGGCTAACGCGG
NTC-833,GGCACTCCGAAAGACCTTAT
NTC-834,GGCCACAAAAACTCGCTAAG
NTC-835,GGCCACGAAGGGCGAAAAGG
NTC-836,GGCCCTCTAGAAAAGTCTCG
NTC-837,GGCGATTCGGGTGGAGGTCG
NTC-838,GGCTCTGGGGCTCACGGACG
NTC-839,GGCTGGTTGACGACTCCTGA
NTC-840,GGCTTACGTGGGGGGCAAAA
NTC-841,GGGAGTTGATTGTTTCGAGA
NTC-842,GGGCAGAAGTTGCTGTCCTG
NTC-843,GGGCCTACGATCAGAGGTGT
NTC-844,GGGGAAACAAGTAGGCTTTG
NTC-845,GGGGCAGGGACCGAGTATCC
NTC-846,GGGTGGTCATTCTCTACTTG
NTC-847,GGTACCTGAACAACGGCACC
NTC-848,GGTAGACGGGGCATCTCAGC
NTC-849,GGTATTCCGAAGTCCTCCGC
NTC-850,GGTCACCGATCGAGAGCTAG
NTC-851,GGTCCCTCTGGCTGGGTTAA
NTC-852,GGTCCGCGCACAAGAGCAGG
NTC-853,GGTCGCCTGTGCGACATGCT
NTC-854,GGTCTCACCTGCACCCCGAA
NTC-855,GGTCTCTGTACGGGCCGCCC
NTC-856,GGTCTGCTCCAATGGGAACC
NTC-857,GGTGCGGTCTGCTTGTAGAT
NTC-858,GGTGTCACCACCGCTTACCA
NTC-859,GGTTAACATCGCCACTCTGA
NTC-860,GGTTGCTGTGACGAACGGGG
NTC-861,GGTTTCACTTCGAGACCGGC
NTC-862,GTAAACTTTGTCTGGAGTAT
NTC-863,GTAAAGAAGCGGAAAGGTCC
NTC-864,GTACACACTTATGCCATCAC
NTC-865,GTACCATACCGCGTACCCTT
NTC-866,GTACCATTGCCGGCTCCCTA
NTC-867,GTACGGGGCGATCATCCACA
NTC-868,GTAGGCGCGCCGCTCTCTAC
NTC-869,GTAGGGTACAGCGTCAGCTT
NTC-870,GTATCCCATATCGGCACAGG
NTC-871,GTATTACTGATATTGGTGGG
NTC-872,GTCAGGTAATAGTCGGACTC
NTC-873,GTCCAATAAAAAGTGCCACT
NTC-874,GTCCTCATCCGGTCAGGCTG
NTC-875,GTCGCTGCGCCAGTGAGAAC
NTC-876,GTGAAACAGAGGGTCCATCA
NTC-877,GTGAACTGCAATCTTATTAT
NTC-878,GTGCGCATGGGCTGATGTTA
NTC-879,GTGGGGTAGTCTGTTGCTCG
NTC-880,GTGTAAATCTGTCCAAGTAG
NTC-881,GTGTCGGATTCCGCCGCTTA
NTC-882,GTTATTGACCCGTCGGGAGT
NTC-883,GTTCATTTCCAAGTCCGCTG
NTC-884,GTTCGCTTCGTAACGAGGAA
NTC-885,GTTCTGCCACCGACTTGGCC
NTC-886,GTTGATCGAAAATGGGAGAA
NTC-887,GTTTCGAAACTTGAAGTAAG
NTC-888,GTTTCTCTTGAACCCCGCGA
NTC-889,TAACCCAGAAGCCCATTCAG
NTC-890,TAACGCGCATATCTGAACAC
NTC-891,TAAGCCTCATGAAGGAGGGG
NTC-892,TACCCACGCGTATTCCATCT
NTC-893,TACGGATCACCAAATCTTAG
NTC-894,TACGGGTGTCTCCATCTTGC
NTC-895,TACTAACGCCGCTCCTACAG
NTC-896,TAGAATTTGACCAAAGGCAC
NTC-897,TAGAGTGCATAAGAGAACCA
NTC-898,TAGATTGGCCCCACAAAGCG
NTC-899,TAGCTCGAGTCATTTCTCTA
NTC-900,TAGGCGCCCGTAGCATTGGA
NTC-901,TAGTACATGTGTGGTATTTA
NTC-902,TAGTCCTTAGGGTGGGCTGA
NTC-903,TAGTCTCACCTGATGGCGTG
NTC-904,TAGTGGGAATGGTCGCGTAG
NTC-905,TATACCAGACCACAGCGCCG
NTC-906,TATACTGCGGATCAATCTGA
NTC-907,TATAGACCTCCCAAATACAT
NTC-908,TATGACCCTGTTACATTGCC
NTC-909,TCAAGGAGCCTTATTTCTTG
NTC-910,TCACTTGTCTATACGGGGTA
NTC-911,TCAGATTCCGCAAGGGTCCA
NTC-912,TCAGCAAAGGACGAAACAAA
NTC-913,TCATCTTACATCTGGGAGAC
NTC-914,TCATGCTTGCTTGGGCAAAA
NTC-915,TCCCAAGGGTTTAAGTCGGG
NTC-916,TCCCTCCTAGTCAAGAAGAG
NTC-917,TCCGGAGGCTCAAACCAAGT
NTC-918,TCCGTCTGCTTCATGAGCGG
NTC-919,TCCTCGATAGCTGGAATCCA
NTC-920,TCCTGCCAAGAAACACCCTT
NTC-921,TCGAGAGGAAAAACACACTG
NTC-922,TCGAGATGCGCAGCAGATGA
NTC-923,TCGATGTAGCCCCGCCCAAG
NTC-924,TCGCAAGGAAGCCAGCTAAG
NTC-925,TCGCAGCGGCGTGGGATCGG
NTC-926,TCGCGGACATAGGGCTCTAA
NTC-927,TCGGAAGCAAACTTCTGGAG
NTC-928,TCGGCTACAATCTTTGGCAT
NTC-929,TCGGCTACGGCGTGGAGAAG
NTC-930,TCGGCTCCTGAAGCCAGTAT
NTC-931,TCGTAAACACACGACCAAGT
NTC-932,TCTACCTATTGTGGAATTTG
NTC-933,TCTCTCGGAGTGGAGCAACA
NTC-934,TCTGAAAAATAGGCCCAACC
NTC-935,TCTGGCTTGCACCGTGTCAT
NTC-936,TGAACGCGTGTTTCCTTGCA
NTC-937,TGAACGGTGAAGAGATAGGG
NTC-938,TGACACATTGGCTGGGTGTT
NTC-939,TGACCTCTGAGGAATTCACA
NTC-940,TGACGCTCCACGTCCGGACC
NTC-941,TGAGCATGTCGGGAGTAACT
NTC-942,TGAGCATTCGTAGCCCAGCA
NTC-943,TGAGGATCATGTCGAGCGCC
NTC-944,TGAGTCTTACTAGGTCCTGT
NTC-945,TGCAAGGACCTGGTATGAAC
NTC-946,TGCAGGTCTAGGTCCCAAAG
NTC-947,TGCAGTCGCGCTGAGCGTCA
NTC-948,TGCCCCACCCCAGTGCTCAG
NTC-949,TGCCTATGACCTAGGTACCA
NTC-950,TGCGCCTTACTCGTTAACTG
NTC-951,TGCGGGGAGCTCTCTTAATG
NTC-952,TGCTACCTTCGGGACCACCA
NTC-953,TGGAAAGCGAGCACACCGTC
NTC-954,TGGAGAAACGAGGTGTAATA
NTC-955,TGGATCGGCAGTGGTACTGG
NTC-956,TGGCAGTGGAAAATCTGCGG
NTC-957,TGGCCACGAATTCCGCCGCC
NTC-958,TGGCGGCCCAAACTTAACAC
NTC-959,TGTAGCTAAGTGAGTATGCC
NTC-960,TGTCAGTAGTCAGGACCCCG
NTC-961,TGTCATGCGTCACTTAGTGC
NTC-962,TGTCCCTTGCAACCTCCGTT
NTC-963,TGTGAAAGTTTATGGTGTTA
NTC-964,TGTGTTAGCCGAGATCTCTG
NTC-965,TTAATTTGGGTGGGCCCTGC
NTC-966,TTAGCCAGTAGTGCATATGA
NTC-967,TTATGTGAGCACGCCATTAC
NTC-968,TTCAATCACCTCACGGTAAG
NTC-969,TTCAATTCACCGAGGGCGCA
NTC-970,TTCCATTGGCTGGAATCTGA
NTC-971,TTCCTGCCCGAACTGCAGAA
NTC-972,TTCGAGGTCCGGACAGGTCG
NTC-973,TTCGCACGATTGCACCTTGG
NTC-974,TTCGGAACTTACTCAGGGTA
NTC-975,TTCGTAGGAACTAAACTGTA
NTC-976,TTCTAAGCGCCCTGGGGACA
NTC-977,TTCTTAGAAGTTGCTCCACG
NTC-978,TTGCAAAGCTGATCGGCTGT
NTC-979,TTGCAATGCTGCTATAGAAG
NTC-980,TTGCAGCCACTCCTGCAATA
NTC-981,TTGCGTCAGCGCTGCACATC
NTC-982,TTGGCCTGGAATTTAGGATC
NTC-983,TTGGGGATTAACCCAGAGCC
NTC-984,TTGGTCCGAGTCTGGAGAAA
NTC-985,TTGTCCCTGAGAAAACGCGG
NTC-986,TTGTCCGTGACCCTGATTAA
NTC-987,TTTAACTGTCCCGGTGTGCA
NTC-988,TTTCAGGCTACGGGCGCGGG
NTC-989,TTTCCCATGATCATTTAGTG
NTC-990,TTTCGCCCAAGAGGCTTGGG
NTC-991,TTTCGTGCCGATGTAACACA
NTC-992,TTTGGGTTTATCCGCCCCCA
,
,
,
,
,
,
,
,
,
,
,
,
,
,
,
,
,
,
,
,
,
,
,
,
,
,
,
,
,
,
,
,
,
,
,
,
,
,
,
,
,
,
,
,
,
,
,
,
,
,
,
,
,
,
,
,
,
,
,
,
,
,
,
,
,
,
,
,
,
,
,
,
,
,
,
,
,
,
,
,
,
,
,
,
,
,
,
,
,
,
,
,
,
,
,
,
,
,
,
,
,
,
,
,
,
,
,
,
,
,
,
,
,
,
,
,
,
,
,
,
,
,
,
,
,
,
,
,
,
,
,
,
,
,
,
,
,
,
,
,
,
,
,
,
,
,
,
,
,
,
,
,
,
,
,
,
,
,
,
,
,
,
,
,
,
,
,
,
,
,
,
,
,
,
,
,
,
,
,
,
,
,
,
,
,
,
,
,
,
,
,
,
,
,
,
,
,
,
,
,
,
,
,
,
,
,
,
,
,
,
,
,
,
,
,
,
,
,
,
,
,
,
,
,
,
,
,
,
,
,
,
,
,
,
,
,
,
,
,
,
,
,
,
,
,
,
,
,
,
,
,
,
,
,
,
,
,
,
,
,
,
,
,
,
,
,
,
,
,
,
,
,
,
,
,
,
,
,
,
,
,
,
,
,
,
,
,
,
,
,
,
,
,
,
,
,
,
,
,
,
,
,
,
,
,
,
,
,
,
,
,
,
,
,
,
,
,
,
,
,
,
,
,
,
,
,
,
,
,
,
,
,
,
,
,
,
,
,
,
,
,
,
,
,
,
,
,
,
,
,
,
,
,
,
,
,
,
,
,
,
,
,
,
,
,
,
,
,
,
,
,
,
,
,
,
,
,
,
,
,
,
,
,
,
,
,
,
,
,
,
,
,
,
,
,
,
,
,
,
,
,
,
,
,
,
,
,
,
,
,
,
,
,
,
,
,
,
,
,
,
,
,
,
,
,
,
,
,
,
,
,
,
,
,
,
,
,
,
,
,
,
,
,
,
,
,
,
,
,
,
,
,
,
,
,
,
,
,
,
,
,
,
,
,
,
,
,
,
,
,
,
,
,
,
,
,
,
,
,
,
,
,
,
,
,
,
,
,
,
,
,
,
,
,
,
,
,
,
,
,
,
,
,
,
,
,
,
,
,
,
,
,
,
,
,
,
,
,
,
,
,
,
,
,
,
,
,
,
,
,
,
,
,
,
,
,
,
,
,
,
,
,
,
,
,
,
,
,
,
,
,
,
,
,
,
,
,
,
,
,
,
,
,
,
,
,
,
,
,
,
,
,
,
,
,
,
,
,
,
,
,
,
,
,
,
,
,
,
,
,
,
,
,
,
,
,
,
,
,
,
,
,
,
,
,
,
,
,
,
,
,
,
,
,
,
,
,
,
,
,
,
,
,
,
,
,
,
,
,
,
,
,
,
,
,
,
,
,
,
,
,
,
,
,
,
,
,
,
,
,
,
,
,
,
,
,
,
,
,
,
,
,
,
,
,
,
,
,
,
,
,
,
,
,
,
,
,
,
,
,
,
,
,
,
,
,
,
,
,
,
,
,
,
,
,
,
,
,
,
,
,
,
,
,
,
,
,
,
,
,
,
,
,
,
,
,
,
,
,
,
,
,
,
,
,
,
,
,
,
,
,
,
,
,
,
,
,
,
,
,
,
,
,
,
,
,
,
,
,
,
,
,
,
,
,
,
,
,
,
,
,
,
,
,
,
,
,
,
,
,
,
,
,
,
,
,
,
,
,
,
,
,
,
,
,
,
,
,
,
,
,
,
,
,
,
,
,
,
,
,
,
,
,
,
,
,
,
,
,
,
,
,
,
,
,
,
,
,
,
,
,
,
,
,
,
,
,
,
,
,
,
,
,
,
,
,
,
,
,
,
,
,
,
,
,
,
,
,
,
,
,
,
,
,
,
,
,
,
,
,
,
,
,
,
,
,
,
,
,
,
,
,
,
,
,
,
,
,
,
,
,
,
,
,
,
,
,
,
,
,
,
,
,
,
,
,
,
,
,
,
,
,
,
,
,
,
,
,
,
,
,
,
,
,
,
,
,
,
,
,
,
,
,
,
,
,
,
,
,
,
,
,
,
,
,
,
,
,
,
,
,
,
,
,
,
,
,
,
,
,
,
,
,
,
,
,
,
,
,
,
,
,
,
,
,
,
,
,
,
,
,
,
,
,
,
,
,
,
,
,
,
,
,
,
,
,
,
,
,
,
,
,
,
,
,
,
,
,
,
,
,
,
,
,
,
,
,
,
,
,
,
,
,
,
,
,
,
,
,
,
,
,
,
,
,
,
,
,
,
,
,
,
,
,
,
,
,
,
,
,
,
,
,
,
,
,
,
,
,
,
,
,
,
,
,
,
,
,
,
,
,
,
,
,
,
,
,
,
,
,
,
,
,
,
,
,
,
,
,
,
,
,
,
,
,
,
,
,
,
,
,
,
,
,
,
,
,
,
,
,
,
,
,
,
,
,
,
,
,
,
,
,
,
,
,
,
,
,
,
,
,
,
,
,
,
,
,
,
,
,
,
,
,
,
,
,
,
,
,
,
,
,
,
,
,
,
,
,
,
,
,
,
,
,
,
,
,
,
,
,
,
,
,
,
,
,
,
,
,
,
,
,
,
,
,
,
,
,
,
,
,
,
,
,
,
,
,
,
,
,
,
,
,
,
,
,
,
,
,
,
,
,
,
,
,
,
,
,
,
,
,
,
,
,
,
,
,
,
,
,
,
,
,
,
,
,
,
,
,
,
,
,
,
,
,
,
,
,
,
,
,
,
,
,
,
,
,
,
,
,
,
,
,
,
,
,
,
,
,
,
,
,
,
,
,
,
,
,
,
,
,
,
,
,
,
,
,
,
,
,
,
,
,
,
,
,
,
,
,
,
,
,
,
,
,
,
,
,
,
,
,
,
,
,
,
,
,
,
,
,
,
,
,
,
,
,
,
,
,
,
,
,
,
,
,
,
,
,
,
,
,
,
,
,
,
,
,
,
,
,
,
,
,
,
,
,
,
,
,
,
,
,
,
,
,
,
,
,
,
,
,
,
,
,
,
,
,
,
,
,
,
,
,
,
,
,
,
,
,
,
,
,
,
,
,
,
,
,
,
,
,
,
,
,
,
,
,
,
,
,
,
,
,
,
,
,
,
,
,
,
,
,
,
,
,
,
,
,
,
,
,
,
,
,
,
,
,
,
,
,
,
,
,
,
,
,
,
,
,
,
,
,
,
,
,
,
,
,
,
,
,
,
,
,
,
,
,
,
,
,
,
,
,
,
,
,
,
,
,
,
,
,
,
,
,
,
,
,
,
,
,
,
,
,
,
,
,
,
,
,
,
,
,
,
,
,
,
,
,
,
,
,
,
,
,
,
,
,
,
,
,
,
,
,
,
,
,
,
,
,
,
,
,
,
,
,
,
,
,
,
,
,
,
,
,
,
,
,
,
,
,
,
,
,
,
,
,
,
,
,
,
,
,
,
,
,
,
,
,
,
,
,
,
,
,
,
,
,
,
,
,
,
,
,
,
,
,
,
,
,
,
,
,
,
,
,
,
,
,
,
,
,
,
,
,
,
,
,
,
,
,
,
,
,
,
,
,
,
,
,
,
,
,
,
,
,
,
,
,
,
,
,
,
,
,
,
,
,
,
,
,
,
,
,
,
,
,
,
,
,
,
,
,
,
,
,
,
,
,
,
,
,
,
,
,
,
,
,
,
,
,
,
,
,
,
,
,
,
,
,
,
,
,
,
,
,
,
,
,
,
,
,
,
,
,
,
,
,
,
,
,
,
,
,
,
,
,
,
,
,
,
,
,
,
,
,
,
,
,
,
,
,
,
,
,
,
,
,
,
,
,
,
,
,
,
,
,
,
,
,
,
,
,
,
,
,
,
,
,
,
,
,
,
,
,
,
,
,
,
,
,
,
,
,
,
,
,
,
,
,
,
,
,
,
,
,
,
,
,
,
,
,
,
,
,
,
,
,
,
,
,
,
,
,
,
,
,
,
,
,
,
,
,
,
,
,
,
,
,
,
,
,
,
,
,
,
,
,
,
,
,
,
,
,
,
,
,
,
,
,
,
,
,
,
,
,
,
,
,
,
,
,
,
,
,
,
,
,
,
,
,
,
,
,
,
,
,
,
,
,
,
,
,
,
,
,
,
,
,
,
,
,
,
,
,
,
,
,
,
,
,
,
,
,
,
,
,
,
,
,
,
,
,
,
,
,
,
,
,
,
,
,
,
,
,
,
,
,
,
,
,
,
,
,
,
,
,
,
,
,
,
,
,
,
,
,
,
,
,
,
,
,
,
,
,
,
,
,
,
,
,
,
,
,
,
,
,
,
,
,
,
,
,
,
,
,
,
,
,
,
,
,
,
,
,
,
,
,
,
,
,
,
,
,
,
,
,
,
,
,
,
,
,
,
,
,
,
,
,
,
,
,
,
,
,
,
,
,
,
,
,
,
,
,
,
,
,
,
,
,
,
,
,
,
,
,
,
,
,
,
,
,
,
,
,
,
,
,
,
,
,
,
,
,
,
,
,
,
,
,
,
,
,
,
,
,
,
,
,
,
,
,
,
,
,
,
,
,
,
,
,
,
,
,
,
,
,
,
,
,
,
,
,
,
,
,
,
,
,
,
,
,
,
,
,
,
,
,
,
,
,
,
,
,
,
,
,
,
,
,
,
,
,
,
,
,
,
,
,
,
,
,
,
,
,
,
,
,
,
,
,
,
,
,
,
,
,
,
,
,
,
,
,
,
,
,
,
,
,
,
,
,
,
,
,
,
,
,
,
,
,
,
,
,
,
,
,
,
,
,
,
,
,
,
,
,
,
,
,
,
,
,
,
,
,
,
,
,
,
,
,
,
,
,
,
,
,
,
,
,
,
,
,
,
,
,
,
,
,
,
,
,
,
,
,
,
,
,
,
,
,
,
,
,
,
,
,
,
,
,
,
,
,
,
,
,
,
,
,
,
,
,
,
,
,
,
,
,
,
,
,
,
,
,
,
,
,
,
,
,
,
,
,
,
,
,
,
,
,
,
,
,
,
,
,
,
,
,
,
,
,
,
,
,
,
,
,
,
,
,
,
,
,
,
,
,
,
,
,
,
,
,
,
,
,
,
,
,
,
,
,
,
,
,
,
,
,
,
,
,
,
,
,
,
,
,
,
,
,
,
,
,
,
,
,
,
,
,
,
,
,
,
,
,
,
,
,
,
,
,
,
,
,
,
,
,
,
,
,
,
,
,
,
,
,
,
,
,
,
,
,
,
,
,
,
,
,
,
,
,
,
,
,
,
,
,
,
,
,
,
,
,
,
,
,
,
,
,
,
,
,
,
,
,
,
,
,
,
,
,
,
,
,
,
,
,
,
,
,
,
,
,
,
,
,
,
,
,
,
,
,
,
,
,
,
,
,
,
,
,
,
,
,
,
,
,
,
,
,
,
,
,
,
,
,
,
,
,
,
,
,
,
,
,
,
,
,
,
,
,
,
,
,
,
,
,
,
,
,
,
,
,
,
,
,
,
,
,
,
,
,
,
,
,
,
,
,
,
,
,
,
,
,
,
,
,
,
,
,
,
,
,
,
,
,
,
,
,
,
,
,
,
,
,
,
,
,
,
,
,
,
,
,
,
,
,
,
,
,
,
,
,
,
,
,
,
,
,
,
,
,
,
,
,
,
,
,
,
,
,
,
,
,
,
,
,
,
,
,
,
,
,
,
,
,
,
,
,
,
,
,
,
,
,
,
,
,
,
,
,
,
,
,
,
,
,
,
,
,
,
,
,
,
,
,
,
,
,
,
,
,
,
,
,
,
,
,
,
,
,
,
,
,
,
,
,
,
,
,
,
,
,
,
,
,
,
,
,
,
,
,
,
,
,
,
,
,
,
,
,
,
,
,
,
,
,
,
,
,
,
,
,
,
,
,
,
,
,
,
,
,
,
,
,
,
,
,
,
,
,
,
,
,
,
,
,
,
,
,
,
,
,
,
,
,
,
,
,
,
,
,
,
,
,
,
,
,
,
,
,
,
,
,
,
,
,
,
,
,
,
,
,
,
,
,
,
,
,
,
,
,
,
,
,
,
,
,
,
,
,
,
,
,
,
,
,
,
,
,
,
,
,
,
,
,
,
,
,
,
,
,
,
,
,
,
,
,
,
,
,
,
,
,
,
,
,
,
,
,
,
,
,
,
,
,
,
,
,
,
,
,
,
,
,
,
,
,
,
,
,
,
,
,
,
,
,
,
,
,
,
,
,
,
,
,
,
,
,
,
,
,
,
,
,
,
,
,
,
,
,
,
,
,
,
,
,
,
,
,
,
,
,
,
,
,
,
,
,
,
,
,
,
,
,
,
,
,
,
,
,
,
,
,
,
,
,
,
,
,
,
,
,
,
,
,
,
,
,
,
,
,
,
,
,
,
,
,
,
,
,
,
,
,
,
,
,
,
,
,
,
,
,
,
,
,
,
,
,
,
,
,
,
,
,
,
,
,
,
,
,
,
,
,
,
,
,
,
,
,
,
,
,
,
,
,
,
,
,
,
,
,
,
,
,
,
,
,
,
,
,
,
,
,
,
,
,
,
,
,
,
,
,
,
,
,
,
,
,
,
,
,
,
,
,
,
,
,
,
,
,
,
,
,
,
,
,
,
,
,
,
,
,
,
,
,
,
,
,
,
,
,
,
,
,
,
,
,
,
,
,
,
,
,
,
,
,
,
,
,
,
,
,
,
,
,
,
,
,
,
,
,
,
,
,
,
,
,
,
,
,
,
,
,
,
,
,
,
,
,
,
,
,
,
,
,
,
,
,
,
,
,
,
,
,
,
,
,
,
,
,
,
,
,
,
,
,
,
,
,
,
,
,
,
,
,
,
,
,
,
,
,
,
,
,
,
,
,
,
,
,
,
,
,
,
,
,
,
,
,
,
,
,
,
,
,
,
,
,
,
,
,
,
,
,
,
,
,
,
,
,
,
,
,
,
,
,
,
,
,
,
,
,
,
,
,
,
,
,
,
,
,
,
,
,
,
,
,
,
,
,
,
,
,
,
,
,
,
,
,
,
,
,
,
,
,
,
,
,
,
,
,
,
,
,
,
,
,
,
,
,
,
,
,
,
,
,
,
,
,
,
,
,
,
,
,
,
,
,
,
,
,
,
,
,
,
,
,
,
,
,
,
,
,
,
,
,
,
,
,
,
,
,
,
,
,
,
,
,
,
,
,
,
,
,
,
,
,
,
,
,
,
,
,
,
,
,
,
,
,
,
,
,
,
,
,
,
,
,
,
,
,
,
,
,
,
,
,
,
,
,
,
,
,
,
,
,
,
,
,
,
,
,
,
,
,
,
,
,
,
,
,
,
,
,
,
,
,
,
,
,
,
,
,
,
,
,
,
,
,
,
,
,
,
,
,
,
,
,
,
,
,
,
,
,
,
,
,
,
,
,
,
,
,
,
,
,
,
,
,
,
,
,
,
,
,
,
,
,
,
,
,
,
,
,
,
,
,
,
,
,
,
,
,
,
,
,
,
,
,
,
,
,
,
,
,
,
,
,
,
,
,
,
,
,
,
,
,
,
,
,
,
,
,
,
,
,
,
,
,
,
,
,
,
,
,
,
,
,
,
,
,
,
,
,
,
,
,
,
,
,
,
,
,
,
,
,
,
,
,
,
,
,
,
,
,
,
,
,
,
,
,
,
,
,
,
,
,
,
,
,
,
,
,
,
,
,
,
,
,
,
,
,
,
,
,
,
,
,
,
,
,
,
,
,
,
,
,
,
,
,
,
,
,
,
,
,
,
,
,
,
,
,
,
,
,
,
,
,
,
,
,
,
,
,
,
,
,
,
,
,
,
,
,
,
,
,
,
,
,
,
,
,
,
,
,
,
,
,
,
,
,
,
,
,
,
,
,
,
,
,
,
,
,
,
,
,
,
,
,
,
,
,
,
,
,
,
,
,
,
,
,
,
,
,
,
,
,
,
,
,
,
,
,
,
,
,
,
,
,
,
,
,
,
,
,
,
,
,
,
,
,
,
,
,
,
,
,
,
,
,
,
,
,
,
,
,
,
,
,
,
,
,
,
,
,
,
,
,
,
,
,
,
,
,
,
,
,
,
,
,
,
,
,
,
,
,
,
,
,
,
,
,
,
,
,
,
,
,
,
,
,
,
,
,
,
,
,
,
,
,
,
,
,
,
,
,
,
,
,
,
,
,
,
,
,
,
,
,
,
,
,
,
,
,
,
,
,
,
,
,
,
,
,
,
,
,
,
,
,
,
,
,
,
,
,
,
,
,
,
,
,
,
,
,
,
,
,
,
,
,
,
,
,
,
,
,
,
,
,
,
,
,
,
,
,
,
,
,
,
,
,
,
,
,
,
,
,
,
,
,
,
,
,
,
,
,
,
,
,
,
,
,
,
,
,
,
,
,
,
,
,
,
,
,
,
,
,
,
,
,
,
,
,
,
,
,
,
,
,
,
,
,
,
,
,
,
,
,
,
,
,
,
,
,
,
,
,
,
,
,
,
,
,
,
,
,
,
,
,
,
,
,
,
,
,
,
,
,
,
,
,
,
,
,
,
,
,
,
,
,
,
,
,
,
,
,
,
,
,
,
,
,
,
,
,
,
,
,
,
,
,
,
,
,
,
,
,
,
,
,
,
,
,
,
,
,
,
,
,
,
,
,
,
,
,
,
,
,
,
,
,
,
,
,
,
,
,
,
,
,
,
,
,
,
,
,
,
,
,
,
,
,
,
,
,
,
,
,
,
,
,
,
,
,
,
,
,
,
,
,
,
,
,
,
,
,
,
,
,
,
,
,
,
,
,
,
,
,
,
,
,
,
,
,
,
,
,
,
,
,
,
,
,
,
,
,
,
,
,
,
,
,
,
,
,
,
,
,
,
,
,
,
,
,
,
,
,
,
,
,
,
,
,
,
,
,
,
,
,
,
,
,
,
,
,
,
,
,
,
,
,
,
,
,
,
,
,
,
,
,
,
,
,
,
,
,
,
,
,
,
,
,
,
,
,
,
,
,
,
,
,
,
,
,
,
,
,
,
,
,
,
,
,
,
,
,
,
,
,
,
,
,
,
,
,
,
,
,
,
,
,
,
,
,
,
,
,
,
,
,
,
,
,
,
,
,
,
,
,
,
,
,
,
,
,
,
,
,
,
,
,
,
,
,
,
,
,
,
,
,
,
,
,
,
,
,
,
,
,
,
,
,
,
,
,
,
,
,
,
,
,
,
,
,
,
,
,
,
,
,
,
,
,
,
,
,
,
,
,
,
,
,
,
,
,
,
,
,
,
,
,
,
,
,
,
,
,
,
,
,
,
,
,
,
,
,
,
,
,
,
,
,
,
,
,
,
,
,
,
,
,
,
,
,
,
,
,
,
,
,
,
,
,
,
,
,
,
,
,
,
,
,
,
,
,
,
,
,
,
,
,
,
,
,
,
,
,
,
,
,
,
,
,
,
,
,
,
,
,
,
,
,
,
,
,
,
,
,
,
,
,
,
,
,
,
,
,
,
,
,
,
,
,
,
,
,
,
,
,
,
,
,
,
,
,
,
,
,
,
,
,
,
,
,
,
,
,
,
,
,
,
,
,
,
,
,
,
,
,
,
,
,
,
,
,
,
,
,
,
,
,
,
,
,
,
,
,
,
,
,
,
,
,
,
,
,
,
,
,
,
,
,
,
,
,
,
,
,
,
,
,
,
,
,
,
,
,
,
,
,
,
,
,
,
,
,
,
,
,
,
,
,
,
,
,
,
,
,
,
,
,
,
,
,
,
,
,
,
,
,
,
,
,
,
,
,
,
,
,
,
,
,
,
,
,
,
,
,
,
,
,
,
,
,
,
,
,
,
,
,
,
,
,
,
,
,
,
,
,
,
,
,
,
,
,
,
,
,
,
,
,
,
,
,
,
,
,
,
,
,
,
,
,
,
,
,
,
,
,
,
,
,
,
,
,
,
,
,
,
,
,
,
,
,
,
,
,
,
,
,
,
,
,
,
,
,
,
,
,
,
,
,
,
,
,
,
,
,
,
,
,
,
,
,
,
,
,
,
,
,
,
,
,
,
,
,
,
,
,
,
,
,
,
,
,
,
,
,
,
,
,
,
,
,
,
,
,
,
,
,
,
,
,
,
,
,
,
,
,
,
,
,
,
,
,
,
,
,
,
,
,
,
,
,
,
,
,
,
,
,
,
,
,
,
,
,
,
,
,
,
,
,
,
,
,
,
,
,
,
,
,
,
,
,
,
,
,
,
,
,
,
,
,
,
,
,
,
,
,
,
,
,
,
,
,
,
,
,
,
,
,
,
,
,
,
,
,
,
,
,
,
,
,
,
,
,
,
,
,
,
,
,
,
,
,
,
,
,
,
,
,
,
,
,
,
,
,
,
,
,
,
,
,
,
,
,
,
,
,
,
,
,
,
,
,
,
,
,
,
,
,
,
,
,
,
,
,
,
,
,
,
,
,
,
,
,
,
,
,
,
,
,
,
,
,
,
,
,
,
,
,
,
,
,
,
,
,
,
,
,
,
,
,
,
,
,
,
,
,
,
,
,
,
,
,
,
,
,
,
,
,
,
,
,
,
,
,
,
,
,
,
,
,
,
,
,
,
,
,
,
,
,
,
,
,
,
,
,
,
,
,
,
,
,
,
,
,
,
,
,
,
,
,
,
,
,
,
,
,
,
,
,
,
,
,
,
,
,
,
,
,
,
,
,
,
,
,
,
,
,
,
,
,
,
,
,
,
,
,
,
,
,
,
,
,
,
,
,
,
,
,
,
,
,
,
,
,
,
,
,
,
,
,
,
,
,
,
,
,
,
,
,
,
,
,
,
,
,
,
,
,
,
,
,
,
,
,
,
,
,
,
,
,
,
,
,
,
,
,
,
,
,
,
,
,
,
,
,
,
,
,
,
,
,
,
,
,
,
,
,
,
,
,
,
,
,
,
,
,
,
,
,
,
,
,
,
,
,
,
,
,
,
,
,
,
,
,
,
,
,
,
,
,
,
,
,
,
,
,
,
,
,
,
,
,
,
,
,
,
,
,
,
,
,
,
,
,
,
,
,
,
,
,
,
,
,
,
,
,
,
,
,
,
,
,
,
,
,
,
,
,
,
,
,
,
,
,
,
,
,
,
,
,
,
,
,
,
,
,
,
,
,
,
,
,
,
,
,
,
,
,
,
,
,
,
,
,
,
,
,
,
,
,
,
,
,
,
,
,
,
,
,
,
,
,
,
,
,
,
,
,
,
,
,
,
,
,
,
,
,
,
,
,
,
,
,
,
,
,
,
,
,
,
,
,
,
,
,
,
,
,
,
,
,
,
,
,
,
,
,
,
,
,
,
,
,
,
,
,
,
,
,
,
,
,
,
,
,
,
,
,
,
,
,
,
,
,
,
,
,
,
,
,
,
,
,
,
,
,
,
,
,
,
,
,
,
,
,
,
,
,
,
,
,
,
,
,
,
,
,
,
,
,
,
,
,
,
,
,
,
,
,
,
,
,
,
,
,
,
,
,
,
,
,
,
,
,
,
,
,
,
,
,
,
,
,
,
,
,
,
,
,
,
,
,
,
,
,
,
,
,
,
,
,
,
,
,
,
,
,
,
,
,
,
,
,
,
,
,
,
,
,
,
,
,
,
,
,
,
,
,
,
,
,
,
,
,
,
,
,
,
,
,
,
,
,
,
,
,
,
,
,
,
,
,
,
,
,
,
,
,
,
,
,
,
,
,
,
,
,
,
,
,
,
,
,
,
,
,
,
,
,
,
,
,
,
,
,
,
,
,
,
,
,
,
,
,
,
,
,
,
,
,
,
,
,
,
,
,
,
,
,
,
,
,
,
,
,
,
,
,
,
,
,
,
,
,
,
,
,
,
,
,
,
,
,
,
,
,
,
,
,
,
,
,
,
,
,
,
,
,
,
,
,
,
,
,
,
,
,
,
,
,
,
,
,
,
,
,
,
,
,
,
,
,
,
,
,
,
,
,
,
,
,
,
,
,
,
,
,
,
,
,
,
,
,
,
,
,
,
,
,
,
,
,
,
,
,
,
,
,
,
,
,
,
,
,
,
,
,
,
,
,
,
,
,
,
,
,
,
,
,
,
,
,
,
,
,
,
,
,
,
,
,
,
,
,
,
,
,
,
,
,
,
,
,
,
,
,
,
,
,
,
,
,
,
,
,
,
,
,
,
,
,
,
,
,
,
,
,
,
,
,
,
,
,
,
,
,
,
,
,
,
,
,
,
,
,
,
,
,
,
,
,
,
,
,
,
,
,
,
,
,
,
,
,
,
,
,
,
,
,
,
,
,
,
,
,
,
,
,
,
,
,
,
,
,
,
,
,
,
,
,
,
,
,
,
,
,
,
,
,
,
,
,
,
,
,
,
,
,
,
,
,
,
,
,
,
,
,
,
,
,
,
,
,
,
,
,
,
,
,
,
,
,
,
,
,
,
,
,
,
,
,
,
,
,
,
,
,
,
,
,
,
,
,
,
,
,
,
,
,
,
,
,
,
,
,
,
,
,
,
,
,
,
,
,
,
,
,
,
,
,
,
,
,
,
,
,
,
,
,
,
,
,
,
,
,
,
,
,
,
,
,
,
,
,
,
,
,
,
,
,
,
,
,
,
,
,
,
,
,
,
,
,
,
,
,
,
,
,
,
,
,
,
,
,
,
,
,
,
,
,
,
,
,
,
,
,
,
,
,
,
,
,
,
,
,
,
,
,
,
,
,
,
,
,
,
,
,
,
,
,
,
,
,
,
,
,
,
,
,
,
,
,
,
,
,
,
,
,
,
,
,
,
,
,
,
,
,
,
,
,
,
,
,
,
,
,
,
,
,
,
,
,
,
,
,
,
,
,
,
,
,
,
,
,
,
,
,
,
,
,
,
,
,
,
,
,
,
,
,
,
,
,
,
,
,
,
,
,
,
,
,
,
,
,
,
,
,
,
,
,
,
,
,
,
,
,
,
,
,
,
,
,
,
,
,
,
,
,
,
,
,
,
,
,
,
,
,
,
,
,
,
,
,
,
,
,
,
,
,
,
,
,
,
,
,
,
,
,
,
,
,
,
,
,
,
,
,
,
,
,
,
,
,
,
,
,
,
,
,
,
,
,
,
,
,
,
,
,
,
,
,
,
,
,
,
,
,
,
,
,
,
,
,
,
,
,
,
,
,
,
,
,
,
,
,
,
,
,
,
,
,
,
,
,
,
,
,
,
,
,
,
,
,
,
,
,
,
,
,
,
,
,
,
,
,
,
,
,
,
,
,
,
,
,
,
,
,
,
,
,
,
,
,
,
,
,
,
,
,
,
,
,
,
,
,
,
,
,
,
,
,
,
,
,
,
,
,
,
,
,
,
,
,
,
,
,
,
,
,
,
,
,
,
,
,
,
,
,
,
,
,
,
,
,
,
,
,
,
,
,
,
,
,
,
,
,
,
,
,
,
,
,
,
,
,
,
,
,
,
,
,
,
,
,
,
,
,
,
,
,
,
,
,
,
,
,
,
,
,
,
,
,
,
,
,
,
,
,
,
,
,
,
,
,
,
,
,
,
,
,
,
,
,
,
,
,
,
,
,
,
,
,
,
,
,
,
,
,
,
,
,
,
,
,
,
,
,
,
,
,
,
,
,
,
,
,
,
,
,
,
,
,
,
,
,
,
,
,
,
,
,
,
,
,
,
,
,
,
,
,
,
,
,
,
,
,
,
,
,
,
,
,
,
,
,
,
,
,
,
,
,
,
,
,
,
,
,
,
,
,
,
,
,
,
,
,
,
,
,
,
,
,
,
,
,
,
,
,
,
,
,
,
,
,
,
,
,
,
,
,
,
,
,
,
,
,
,
,
,
,
,
,
,
,
,
,
,
,
,
,
,
,
,
,
,
,
,
,
,
,
,
,
,
,
,
,
,
,
,
,
,
,
,
,
,
,
,
,
,
,
,
,
,
,
,
,
,
,
,
,
,
,
,
,
,
,
,
,
,
,
,
,
,
,
,
,
,
,
,
,
,
,
,
,
,
,
,
,
,
,
,
,
,
,
,
,
,
,
,
,
,
,
,
,
,
,
,
,
,
,
,
,
,
,
,
,
,
,
,
,
,
,
,
,
,
,
,
,
,
,
,
,
,
,
,
,
,
,
,
,
,
,
,
,
,
,
,
,
,
,
,
,
,
,
,
,
,
,
,
,
,
,
,
,
,
,
,
,
,
,
,
,
,
,
,
,
,
,
,
,
,
,
,
,
,
,
,
,
,
,
,
,
,
,
,
,
,
,
,
,
,
,
,
,
,
,
,
,
,
,
,
,
,
,
,
,
,
,
,
,
,
,
,
,
,
,
,
,
,
,
,
,
,
,
,
,
,
,
,
,
,
,
,
,
,
,
,
,
,
,
,
,
,
,
,
,
,
,
,
,
,
,
,
,
,
,
,
,
,
,
,
,
,
,
,
,
,
,
,
,
,
,
,
,
,
,
,
,
,
,
,
,
,
,
,
,
,
,
,
,
,
,
,
,
,
,
,
,
,
,
,
,
,
,
,
,
,
,
,
,
,
,
,
,
,
,
,
,
,
,
,
,
,
,
,
,
,
,
,
,
,
,
,
,
,
,
,
,
,
,
,
,
,
,
,
,
,
,
,
,
,
,
,
,
,
,
,
,
,
,
,
,
,
,
,
,
,
,
,
,
,
,
,
,
,
,
,
,
,
,
,
,
,
,
,
,
,
,
,
,
,
,
,
,
,
,
,
,
,
,
,
,
,
,
,
,
,
,
,
,
,
,
,
,
,
,
,
,
,
,
,
,
,
,
,
,
,
,
,
,
,
,
,
,
,
,
,
,
,
,
,
,
,
,
,
,
,
,
,
,
,
,
,
,
,
,
,
,
,
,
,
,
,
,
,
,
,
,
,
,
,
,
,
,
,
,
,
,
,
,
,
,
,
,
,
,
,
,
,
,
,
,
,
,
,
,
,
,
,
,
,
,
,
,
,
,
,
,
,
,
,
,
,
,
,
,
,
,
,
,
,
,
,
,
,
,
,
,
,
,
,
,
,
,
,
,
,
,
,
,
,
,
,
,
,
,
,
,
,
,
,
,
,
,
,
,
,
,
,
,
,
,
,
,
,
,
,
,
,
,
,
,
,
,
,
,
,
,
,
,
,
,
,
,
,
,
,
,
,
,
,
,
,
,
,
,
,
,
,
,
,
,
,
,
,
,
,
,
,
,
,
,
,
,
,
,
,
,
,
,
,
,
,
,
,
,
,
,
,
,
,
,
,
,
,
,
,
,
,
,
,
,
,
,
,
,
,
,
,
,
,
,
,
,
,
,
,
,
,
,
,
,
,
,
,
,
,
,
,
,
,
,
,
,
,
,
,
,
,
,
,
,
,
,
,
,
,
,
,
,
,
,
,
,
,
,
,
,
,
,
,
,
,
,
,
,
,
,
,
,
,
,
,
,
,
,
,
,
,
,
,
,
,
,
,
,
,
,
,
,
,
,
,
,
,
,
,
,
,
,
,
,
,
,
,
,
,
,
,
,
,
,
,
,
,
,
,
,
,
,
,
,
,
,
,
,
,
,
,
,
,
,
,
,
,
,
,
,
,
,
,
,
,
,
,
,
,
,
,
,
,
,
,
,
,
,
,
,
,
,
,
,
,
,
,
,
,
,
,
,
,
,
,
,
,
,
,
,
,
,
,
,
,
,
,
,
,
,
,
,
,
,
,
,
,
,
,
,
,
,
,
,
,
,
,
,
,
,
,
,
,
,
,
,
,
,
,
,
,
,
,
,
,
,
,
,
,
,
,
,
,
,
,
,
,
,
,
,
,
,
,
,
,
,
,
,
,
,
,
,
,
,
,
,
,
,
,
,
,
,
,
,
,
,
,
,
,
,
,
,
,
,
,
,
,
,
,
,
,
,
,
,
,
,
,
,
,
,
,
,
,
,
,
,
,
,
,
,
,
,
,
,
,
,
,
,
,
,
,
,
,
,
,
,
,
,
,
,
,
,
,
,
,
,
,
,
,
,
,
,
,
,
,
,
,
,
,
,
,
,
,
,
,
,
,
,
,
,
,
,
,
,
,
,
,
,
,
,
,
,
,
,
,
,
,
,
,
,
,
,
,
,
,
,
,
,
,
,
,
,
,
,
,
,
,
,
,
,
,
,
,
,
,
,
,
,
,
,
,
,
,
,
,
,
,
,
,
,
,
,
,
,
,
,
,
,
,
,
,
,
,
,
,
,
,
,
,
,
,
,
,
,
,
,
,
,
,
,
,
,
,
,
,
,
,
,
,
,
,
,
,
,
,
,
,
,
,
,
,
,
,
,
,
,
,
,
,
,
,
,
,
,
,
,
,
,
,
,
,
,
,
,
,
,
,
,
,
,
,
,
,
,
,
,
,
,
,
,
,
,
,
,
,
,
,
,
,
,
,
,
,
,
,
,
,
,
,
,
,
,
,
,
,
,
,
,
,
,
,
,
,
,
,
,
,
,
,
,
,
,
,
,
,
,
,
,
,
,
,
,
,
,
,
,
,
,
,
,
,
,
,
,
,
,
,
,
,
,
,
,
,
,
,
,
,
,
,
,
,
,
,
,
,
,
,
,
,
,
,
,
,
,
,
,
,
,
,
,
,
,
,
,
,
,
,
,
,
,
,
,
,
,
,
,
,
,
,
,
,
,
,
,
,
,
,
,
,
,
,
,
,
,
,
,
,
,
,
,
,
,
,
,
,
,
,
,
,
,
,
,
,
,
,
,
,
,
,
,
,
,
,
,
,
,
,
,
,
,
,
,
,
,
,
,
,
,
,
,
,
,
,
,
,
,
,
,
,
,
,
,
,
,
,
,
,
,
,
,
,
,
,
,
,
,
,
,
,
,
,
,
,
,
,
,
,
,
,
,
,
,
,
,
,
,
,
,
,
,
,
,
,
,
,
,
,
,
,
,
,
,
,
,
,
,
,
,
,
,
,
,
,
,
,
,
,
,
,
,
,
,
,
,
,
,
,
,
,
,
,
,
,
,
,
,
,
,
,
,
,
,
,
,
,
,
,
,
,
,
,
,
,
,
,
,
,
,
,
,
,
,
,
,
,
,
,
,
,
,
,
,
,
,
,
,
,
,
,
,
,
,
,
,
,
,
,
,
,
,
,
,
,
,
,
,
,
,
,
,
,
,
,
,
,
,
,
,
,
,
,
,
,
,
,
,
,
,
,
,
,
,
,
,
,
,
,
,
,
,
,
,
,
,
,
,
,
,
,
,
,
,
,
,
,
,
,
,
,
,
,
,
,
,
,
,
,
,
,
,
,
,
,
,
,
,
,
,
,
,
,
,
,
,
,
,
,
,
,
,
,
,
,
,
,
,
,
,
,
,
,
,
,
,
,
,
,
,
,
,
,
,
,
,
,
,
,
,
,
,
,
,
,
,
,
,
,
,
,
,
,
,
,
,
,
,
,
,
,
,
,
,
,
,
,
,
,
,
,
,
,
,
,
,
,
,
,
,
,
,
,
,
,
,
,
,
,
,
,
,
,
,
,
,
,
,
,
,
,
,
,
,
,
,
,
,
,
,
,
,
,
,
,
,
,
,
,
,
,
,
,
,
,
,
,
,
,
,
,
,
,
,
,
,
,
,
,
,
,
,
,
,
,
,
,
,
,
,
,
,
,
,
,
,
,
,
,
,
,
,
,
,
,
,
,
,
,
,
,
,
,
,
,
,
,
,
,
,
,
,
,
,
,
,
,
,
,
,
,
,
,
,
,
,
,
,
,
,
,
,
,
,
,
,
,
,
,
,
,
,
,
,
,
,
,
,
,
,
,
,
,
,
,
,
,
,
,
,
,
,
,
,
,
,
,
,
,
,
,
,
,
,
,
,
,
,
,
,
,
,
,
,
,
,
,
,
,
,
,
,
,
,
,
,
,
,
,
,
,
,
,
,
,
,
,
,
,
,
,
,
,
,
,
,
,
,
,
,
,
,
,
,
,
,
,
,
,
,
,
,
,
,
,
,
,
,
,
,
,
,
,
,
,
,
,
,
,
,
,
,
,
,
,
,
,
,
,
,
,
,
,
,
,
,
,
,
,
,
,
,
,
,
,
,
,
,
,
,
,
,
,
,
,
,
,
,
,
,
,
,
,
,
,
,
,
,
,
,
,
,
,
,
,
,
,
,
,
,
,
,
,
,
,
,
,
,
,
,
,
,
,
,
,
,
,
,
,
,
,
,
,
,
,
,
,
,
,
,
,
,
,
,
,
,
,
,
,
,
,
,
,
,
,
,
,
,
,
,
,
,
,
,
,
,
,
,
,
,
,
,
,
,
,
,
,
,
,
,
,
,
,
,
,
,
,
,
,
,
,
,
,
,
,
,
,
,
,
,
,
,
,
,
,
,
,
,
,
,
,
,
,
,
,
,
,
,
,
,
,
,
,
,
,
,
,
,
,
,
,
,
,
,
,
,
,
,
,
,
,
,
,
,
,
,
,
,
,
,
,
,
,
,
,
,
,
,
,
,
,
,
,
,
,
,
,
,
,
,
,
,
,
,
,
,
,
,
,
,
,
,
,
,
,
,
,
,
,
,
,
,
,
,
,
,
,
,
,
,
,
,
,
,
,
,
,
,
,
,
,
,
,
,
,
,
,
,
,
,
,
,
,
,
,
,
,
,
,
,
,
,
,
,
,
,
,
,
,
,
,
,
,
,
,
,
,
,
,
,
,
,
,
,
,
,
,
,
,
,
,
,
,
,
,
,
,
,
,
,
,
,
,
,
,
,
,
,
,
,
,
,
,
,
,
,
,
,
,
,
,
,
,
,
,
,
,
,
,
,
,
,
,
,
,
,
,
,
,
,
,
,
,
,
,
,
,
,
,
,
,
,
,
,
,
,
,
,
,
,
,
,
,
,
,
,
,
,
,
,
,
,
,
,
,
,
,
,
,
,
,
,
,
,
,
,
,
,
,
,
,
,
,
,
,
,
,
,
,
,
,
,
,
,
,
,
,
,
,
,
,
,
,
,
,
,
,
,
,
,
,
,
,
,
,
,
,
,
,
,
,
,
,
,
,
,
,
,
,
,
,
,
,
,
,
,
,
,
,
,
,
,
,
,
,
,
,
,
,
,
,
,
,
,
,
,
,
,
,
,
,
,
,
,
,
,
,
,
,
,
,
,
,
,
,
,
,
,
,
,
,
,
,
,
,
,
,
,
,
,
,
,
,
,
,
,
,
,
,
,
,
,
,
,
,
,
,
,
,
,
,
,
,
,
,
,
,
,
,
,
,
,
,
,
,
,
,
,
,
,
,
,
,
,
,
,
,
,
,
,
,
,
,
,
,
,
,
,
,
,
,
,
,
,
,
,
,
,
,
,
,
,
,
,
,
,
,
,
,
,
,
,
,
,
,
,
,
,
,
,
,
,
,
,
,
,
,
,
,
,
,
,
,
,
,
,
,
,
,
,
,
,
,
,
,
,
,
,
,
,
,
,
,
,
,
,
,
,
,
,
,
,
,
,
,
,
,
,
,
,
,
,
,
,
,
,
,
,
,
,
,
,
,
,
,
,
,
,
,
,
,
,
,
,
,
,
,
,
,
,
,
,
,
,
,
,
,
,
,
,
,
,
,
,
,
,
,
,
,
,
,
,
,
,
,
,
,
,
,
,
,
,
,
,
,
,
,
,
,
,
,
,
,
,
,
,
,
,
,
,
,
,
,
,
,
,
,
,
,
,
,
,
,
,
,
,
,
,
,
,
,
,
,
,
,
,
,
,
,
,
,
,
,
,
,
,
,
,
,
,
,
,
,
,
,
,
,
,
,
,
,
,
,
,
,
,
,
,
,
,
,
,
,
,
,
,
,
,
,
,
,
,
,
,
,
,
,
,
,
,
,
,
,
,
,
,
,
,
,
,
,
,
,
,
,
,
,
,
,
,
,
,
,
,
,
,
,
,
,
,
,
,
,
,
,
,
,
,
,
,
,
,
,
,
,
,
,
,
,
,
,
,
,
,
,
,
,
,
,
,
,
,
,
,
,
,
,
,
,
,
,
,
,
,
,
,
,
,
,
,
,
,
,
,
,
,
,
,
,
,
,
,
,
,
,
,
,
,
,
,
,
,
,
,
,
,
,
,
,
,
,
,
,
,
,
,
,
,
,
,
,
,
,
,
,
,
,
,
,
,
,
,
,
,
,
,
,
,
,
,
,
,
,
,
,
,
,
,
,
,
,
,
,
,
,
,
,
,
,
,
,
,
,
,
,
,
,
,
,
,
,
,
,
,
,
,
,
,
,
,
,
,
,
,
,
,
,
,
,
,
,
,
,
,
,
,
,
,
,
,
,
,
,
,
,
,
,
,
,
,
,
,
,
,
,
,
,
,
,
,
,
,
,
,
,
,
,
,
,
,
,
,
,
,
,
,
,
,
,
,
,
,
,
,
,
,
,
,
,
,
,
,
,
,
,
,
,
,
,
,
,
,
,
,
,
,
,
,
,
,
,
,
,
,
,
,
,
,
,
,
,
,
,
,
,
,
,
,
,
,
,
,
,
,
,
,
,
,
,
,
,
,
,
,
,
,
,
,
,
,
,
,
,
,
,
,
,
,
,
,
,
,
,
,
,
,
,
,
,
,
,
,
,
,
,
,
,
,
,
,
,
,
,
,
,
,
,
,
,
,
,
,
,
,
,
,
,
,
,
,
,
,
,
,
,
,
,
,
,
,
,
,
,
,
,
,
,
,
,
,
,
,
,
,
,
,
,
,
,
,
,
,
,
,
,
,
,
,
,
,
,
,
,
,
,
,
,
,
,
,
,
,
,
,
,
,
,
,
,
,
,
,
,
,
,
,
,
,
,
,
,
,
,
,
,
,
,
,
,
,
,
,
,
,
,
,
,
,
,
,
,
,
,
,
,
,
,
,
,
,
,
,
,
,
,
,
,
,
,
,
,
,
,
,
,
,
,
,
,
,
,
,
,
,
,
,
,
,
,
,
,
,
,
,
,
,
,
,
,
,
,
,
,
,
,
,
,
,
,
,
,
,
,
,
,
,
,
,
,
,
,
,
,
,
,
,
,
,
,
,
,
,
,
,
,
,
,
,
,
,
,
,
,
,
,
,
,
,
,
,
,
,
,
,
,
,
,
,
,
,
,
,
,
,
,
,
,
,
,
,
,
,
,
,
,
,
,
,
,
,
,
,
,
,
,
,
,
,
,
,
,
,
,
,
,
,
,
,
,
,
,
,
,
,
,
,
,
,
,
,
,
,
,
,
,
,
,
,
,
,
,
,
,
,
,
,
,
,
,
,
,
,
,
,
,
,
,
,
,
,
,
,
,
,
,
,
,
,
,
,
,
,
,
,
,
,
,
,
,
,
,
,
,
,
,
,
,
,
,
,
,
,
,
,
,
,
,
,
,
,
,
,
,
,
,
,
,
,
,
,
,
,
,
,
,
,
,
,
,
,
,
,
,
,
,
,
,
,
,
,
,
,
,
,
,
,
,
,
,
,
,
,
,
,
,
,
,
,
,
,
,
,
,
,
,
,
,
,
,
,
,
,
,
,
,
,
,
,
,
,
,
,
,
,
,
,
,
,
,
,
,
,
,
,
,
,
,
,
,
,
,
,
,
,
,
,
,
,
,
,
,
,
,
,
,
,
,
,
,
,
,
,
,
,
,
,
,
,
,
,
,
,
,
,
,
,
,
,
,
,
,
,
,
,
,
,
,
,
,
,
,
,
,
,
,
,
,
,
,
,
,
,
,
,
,
,
,
,
,
,
,
,
,
,
,
,
,
,
,
,
,
,
,
,
,
,
,
,
,
,
,
,
,
,
,
,
,
,
,
,
,
,
,
,
,
,
,
,
,
,
,
,
,
,
,
,
,
,
,
,
,
,
,
,
,
,
,
,
,
,
,
,
,
,
,
,
,
,
,
,
,
,
,
,
,
,
,
,
,
,
,
,
,
,
,
,
,
,
,
,
,
,
,
,
,
,
,
,
,
,
,
,
,
,
,
,
,
,
,
,
,
,
,
,
,
,
,
,
,
,
,
,
,
,
,
,
,
,
,
,
,
,
,
,
,
,
,
,
,
,
,
,
,
,
,
,
,
,
,
,
,
,
,
,
,
,
,
,
,
,
,
,
,
,
,
,
,
,
,
,
,
,
,
,
,
,
,
,
,
,
,
,
,
,
,
,
,
,
,
,
,
,
,
,
,
,
,
,
,
,
,
,
,
,
,
,
,
,
,
,
,
,
,
,
,
,
,
,
,
,
,
,
,
,
,
,
,
,
,
,
,
,
,
,
,
,
,
,
,
,
,
,
,
,
,
,
,
,
,
,
,
,
,
,
,
,
,
,
,
,
,
,
,
,
,
,
,
,
,
,
,
,
,
,
,
,
,
,
,
,
,
,
,
,
,
,
,
,
,
,
,
,
,
,
,
,
,
,
,
,
,
,
,
,
,
,
,
,
,
,
,
,
,
,
,
,
,
,
,
,
,
,
,
,
,
,
,
,
,
,
,
,
,
,
,
,
,
,
,
,
,
,
,
,
,
,
,
,
,
,
,
,
,
,
,
,
,
,
,
,
,
,
,
,
,
,
,
,
,
,
,
,
,
,
,
,
,
,
,
,
,
,
,
,
,
,
,
,
,
,
,
,
,
,
,
,
,
,
,
,
,
,
,
,
,
,
,
,
,
,
,
,
,
,
,
,
,
,
,
,
,
,
,
,
,
,
,
,
,
,
,
,
,
,
,
,
,
,
,
,
,
,
,
,
,
,
,
,
,
,
,
,
,
,
,
,
,
,
,
,
,
,
,
,
,
,
,
,
,
,
,
,
,
,
,
,
,
,
,
,
,
,
,
,
,
,
,
,
,
,
,
,
,
,
,
,
,
,
,
,
,
,
,
,
,
,
,
,
,
,
,
,
,
,
,
,
,
,
,
,
,
,
,
,
,
,
,
,
,
,
,
,
,
,
,
,
,
,
,
,
,
,
,
,
,
,
,
,
,
,
,
,
,
,
,
,
,
,
,
,
,
,
,
,
,
,
,
,
,
,
,
,
,
,
,
,
,
,
,
,
,
,
,
,
,
,
,
,
,
,
,
,
,
,
,
,
,
,
,
,
,
,
,
,
,
,
,
,
,
,
,
,
,
,
,
,
,
,
,
,
,
,
,
,
,
,
,
,
,
,
,
,
,
,
,
,
,
,
,
,
,
,
,
,
,
,
,
,
,
,
,
,
,
,
,
,
,
,
,
,
,
,
,
,
,
,
,
,
,
,
,
,
,
,
,
,
,
,
,
,
,
,
,
,
,
,
,
,
,
,
,
,
,
,
,
,
,
,
,
,
,
,
,
,
,
,
,
,
,
,
,
,
,
,
,
,
,
,
,
,
,
,
,
,
,
,
,
,
,
,
,
,
,
,
,
,
,
,
,
,
,
,
,
,
,
,
,
,
,
,
,
,
,
,
,
,
,
,
,
,
,
,
,
,
,
,
,
,
,
,
,
,
,
,
,
,
,
,
,
,
,
,
,
,
,
,
,
,
,
,
,
,
,
,
,
,
,
,
,
,
,
,
,
,
,
,
,
,
,
,
,
,
,
,
,
,
,
,
,
,
,
,
,
,
,
,
,
,
,
,
,
,
,
,
,
,
,
,
,
,
,
,
,
,
,
,
,
,
,
,
,
,
,
,
,
,
,
,
,
,
,
,
,
,
,
,
,
,
,
,
,
,
,
,
,
,
,
,
,
,
,
,
,
,
,
,
,
,
,
,
,
,
,
,
,
,
,
,
,
,
,
,
,
,
,
,
,
,
,
,
,
,
,
,
,
,
,
,
,
,
,
,
,
,
,
,
,
,
,
,
,
,
,
,
,
,
,
,
,
,
,
,
,
,
,
,
,
,
,
,
,
,
,
,
,
,
,
,
,
,
,
,
,
,
,
,
,
,
,
,
,
,
,
,
,
,
,
,
,
,
,
,
,
,
,
,
,
,
,
,
,
,
,
,
,
,
,
,
,
,
,
,
,
,
,
,
,
,
,
,
,
,
,
,
,
,
,
,
,
,
,
,
,
,
,
,
,
,
,
,
,
,
,
,
,
,
,
,
,
,
,
,
,
,
,
,
,
,
,
,
,
,
,
,
,
,
,
,
,
,
,
,
,
,
,
,
,
,
,
,
,
,
,
,
,
,
,
,
,
,
,
,
,
,
,
,
,
,
,
,
,
,
,
,
,
,
,
,
,
,
,
,
,
,
,
,
,
,
,
,
,
,
,
,
,
,
,
,
,
,
,
,
,
,
,
,
,
,
,
,
,
,
,
,
,
,
,
,
,
,
,
,
,
,
,
,
,
,
,
,
,
,
,
,
,
,
,
,
,
,
,
,
,
,
,
,
,
,
,
,
,
,
,
,
,
,
,
,
,
,
,
,
,
,
,
,
,
,
,
,
,
,
,
,
,
,
,
,
,
,
,
,
,
,
,
,
,
,
,
,
,
,
,
,
,
,
,
,
,
,
,
,
,
,
,
,
,
,
,
,
,
,
,
,
,
,
,
,
,
,
,
,
,
,
,
,
,
,
,
,
,
,
,
,
,
,
,
,
,
,
,
,
,
,
,
,
,
,
,
,
,
,
,
,
,
,
,
,
,
,
,
,
,
,
,
,
,
,
,
,
,
,
,
,
,
,
,
,
,
,
,
,
,
,
,
,
,
,
,
,
,
,
,
,
,
,
,
,
,
,
,
,
,
,
,
,
,
,
,
,
,
,
,
,
,
,
,
,
,
,
,
,
,
,
,
,
,
,
,
,
,
,
,
,
,
,
,
,
,
,
,
,
,
,
,
,
,
,
,
,
,
,
,
,
,
,
,
,
,
,
,
,
,
,
,
,
,
,
,
,
,
,
,
,
,
,
,
,
,
,
,
,
,
,
,
,
,
,
,
,
,
,
,
,
,
,
,
,
,
,
,
,
,
,
,
,
,
,
,
,
,
,
,
,
,
,
,
,
,
,
,
,
,
,
,
,
,
,
,
,
,
,
,
,
,
,
,
,
,
,
,
,
,
,
,
,
,
,
,
,
,
,
,
,
,
,
,
,
,
,
,
,
,
,
,
,
,
,
,
,
,
,
,
,
,
,
,
,
,
,
,
,
,
,
,
,
,
,
,
,
,
,
,
,
,
,
,
,
,
,
,
,
,
,
,
,
,
,
,
,
,
,
,
,
,
,
,
,
,
,
,
,
,
,
,
,
,
,
,
,
,
,
,
,
,
,
,
,
,
,
,
,
,
,
,
,
,
,
,
,
,
,
,
,
,
,
,
,
,
,
,
,
,
,
,
,
,
,
,
,
,
,
,
,
,
,
,
,
,
,
,
,
,
,
,
,
,
,
,
,
,
,
,
,
,
,
,
,
,
,
,
,
,
,
,
,
,
,
,
,
,
,
,
,
,
,
,
,
,
,
,
,
,
,
,
,
,
,
,
,
,
,
,
,
,
,
,
,
,
,
,
,
,
,
,
,
,
,
,
,
,
,
,
,
,
,
,
,
,
,
,
,
,
,
,
,
,
,
,
,
,
,
,
,
,
,
,
,
,
,
,
,
,
,
,
,
,
,
,
,
,
,
,
,
,
,
,
,
,
,
,
,
,
,
,
,
,
,
,
,
,
,
,
,
,
,
,
,
,
,
,
,
,
,
,
,
,
,
,
,
,
,
,
,
,
,
,
,
,
,
,
,
,
,
,
,
,
,
,
,
,
,
,
,
,
,
,
,
,
,
,
,
,
,
,
,
,
,
,
,
,
,
,
,
,
,
,
,
,
,
,
,
,
,
,
,
,
,
,
,
,
,
,
,
,
,
,
,
,
,
,
,
,
,
,
,
,
,
,
,
,
,
,
,
,
,
,
,
,
,
,
,
,
,
,
,
,
,
,
,
,
,
,
,
,
,
,
,
,
,
,
,
,
,
,
,
,
,
,
,
,
,
,
,
,
,
,
,
,
,
,
,
,
,
,
,
,
,
,
,
,
,
,
,
,
,
,
,
,
,
,
,
,
,
,
,
,
,
,
,
,
,
,
,
,
,
,
,
,
,
,
,
,
,
,
,
,
,
,
,
,
,
,
,
,
,
,
,
,
,
,
,
,
,
,
,
,
,
,
,
,
,
,
,
,
,
,
,
,
,
,
,
,
,
,
,
,
,
,
,
,
,
,
,
,
,
,
,
,
,
,
,
,
,
,
,
,
,
,
,
,
,
,
,
,
,
,
,
,
,
,
,
,
,
,
,
,
,
,
,
,
,
,
,
,
,
,
,
,
,
,
,
,
,
,
,
,
,
,
,
,
,
,
,
,
,
,
,
,
,
,
,
,
,
,
,
,
,
,
,
,
,
,
,
,
,
,
,
,
,
,
,
,
,
,
,
,
,
,
,
,
,
,
,
,
,
,
,
,
,
,
,
,
,
,
,
,
,
,
,
,
,
,
,
,
,
,
,
,
,
,
,
,
,
,
,
,
,
,
,
,
,
,
,
,
,
,
,
,
,
,
,
,
,
,
,
,
,
,
,
,
,
,
,
,
,
,
,
,
,
,
,
,
,
,
,
,
,
,
,
,
,
,
,
,
,
,
,
,
,
,
,
,
,
,
,
,
,
,
,
,
,
,
,
,
,
,
,
,
,
,
,
,
,
,
,
,
,
,
,
,
,
,
,
,
,
,
,
,
,
,
,
,
,
,
,
,
,
,
,
,
,
,
,
,
,
,
,
,
,
,
,
,
,
,
,
,
,
,
,
,
,
,
,
,
,
,
,
,
,
,
,
,
,
,
,
,
,
,
,
,
,
,
,
,
,
,
,
,
,
,
,
,
,
,
,
,
,
,
,
,
,
,
,
,
,
,
,
,
,
,
,
,
,
,
,
,
,
,
,
,
,
,
,
,
,
,
,
,
,
,
,
,
,
,
,
,
,
,
,
,
,
,
,
,
,
,
,
,
,
,
,
,
,
,
,
,
,
,
,
,
,
,
,
,
,
,
,
,
,
,
,
,
,
,
,
,
,
,
,
,
,
,
,
,
,
,
,
,
,
,
,
,
,
,
,
,
,
,
,
,
,
,
,
,
,
,
,
,
,
,
,
,
,
,
,
,
,
,
,
,
,
,
,
,
,
,
,
,
,
,
,
,
,
,
,
,
,
,
,
,
,
,
,
,
,
,
,
,
,
,
,
,
,
,
,
,
,
,
,
,
,
,
,
,
,
,
,
,
,
,
,
,
,
,
,
,
,
,
,
,
,
,
,
,
,
,
,
,
,
,
,
,
,
,
,
,
,
,
,
,
,
,
,
,
,
,
,
,
,
,
,
,
,
,
,
,
,
,
,
,
,
,
,
,
,
,
,
,
,
,
,
,
,
,
,
,
,
,
,
,
,
,
,
,
,
,
,
,
,
,
,
,
,
,
,
,
,
,
,
,
,
,
,
,
,
,
,
,
,
,
,
,
,
,
,
,
,
,
,
,
,
,
,
,
,
,
,
,
,
,
,
,
,
,
,
,
,
,
,
,
,
,
,
,
,
,
,
,
,
,
,
,
,
,
,
,
,
,
,
,
,
,
,
,
,
,
,
,
,
,
,
,
,
,
,
,
,
,
,
,
,
,
,
,
,
,
,
,
,
,
,
,
,
,
,
,
,
,
,
,
,
,
,
,
,
,
,
,
,
,
,
,
,
,
,
,
,
,
,
,
,
,
,
,
,
,
,
,
,
,
,
,
,
,
,
,
,
,
,
,
,
,
,
,
,
,
,
,
,
,
,
,
,
,
,
,
,
,
,
,
,
,
,
,
,
,
,
,
,
,
,
,
,
,
,
,
,
,
,
,
,
,
,
,
,
,
,
,
,
,
,
,
,
,
,
,
,
,
,
,
,
,
,
,
,
,
,
,
,
,
,
,
,
,
,
,
,
,
,
,
,
,
,
,
,
,
,
,
,
,
,
,
,
,
,
,
,
,
,
,
,
,
,
,
,
,
,
,
,
,
,
,
,
,
,
,
,
,
,
,
,
,
,
,
,
,
,
,
,
,
,
,
,
,
,
,
,
,
,
,
,
,
,
,
,
,
,
,
,
,
,
,
,
,
,
,
,
,
,
,
,
,
,
,
,
,
,
,
,
,
,
,
,
,
,
,
,
,
,
,
,
,
,
,
,
,
,
,
,
,
,
,
,
,
,
,
,
,
,
,
,
,
,
,
,
,
,
,
,
,
,
,
,
,
,
,
,
,
,
,
,
,
,
,
,
,
,
,
,
,
,
,
,
,
,
,
,
,
,
,
,
,
,
,
,
,
,
,
,
,
,
,
,
,
,
,
,
,
,
,
,
,
,
,
,
,
,
,
,
,
,
,
,
,
,
,
,
,
,
,
,
,
,
,
,
,
,
,
,
,
,
,
,
,
,
,
,
,
,
,
,
,
,
,
,
,
,
,
,
,
,
,
,
,
,
,
,
,
,
,
,
,
,
,
,
,
,
,
,
,
,
,
,
,
,
,
,
,
,
,
,
,
,
,
,
,
,
,
,
,
,
,
,
,
,
,
,
,
,
,
,
,
,
,
,
,
,
,
,
,
,
,
,
,
,
,
,
,
,
,
,
,
,
,
,
,
,
,
,
,
,
,
,
,
,
,
,
,
,
,
,
,
,
,
,
,
,
,
,
,
,
,
,
,
,
,
,
,
,
,
,
,
,
,
,
,
,
,
,
,
,
,
,
,
,
,
,
,
,
,
,
,
,
,
,
,
,
,
,
,
,
,
,
,
,
,
,
,
,
,
,
,
,
,
,
,
,
,
,
,
,
,
,
,
,
,
,
,
,
,
,
,
,
,
,
,
,
,
,
,
,
,
,
,
,
,
,
,
,
,
,
,
,
,
,
,
,
,
,
,
,
,
,
,
,
,
,
,
,
,
,
,
,
,
,
,
,
,
,
,
,
,
,
,
,
,
,
,
,
,
,
,
,
,
,
,
,
,
,
,
,
,
,
,
,
,
,
,
,
,
,
,
,
,
,
,
,
,
,
,
,
,
,
,
,
,
,
,
,
,
,
,
,
,
,
,
,
,
,
,
,
,
,
,
,
,
,
,
,
,
,
,
,
,
,
,
,
,
,
,
,
,
,
,
,
,
,
,
,
,
,
,
,
,
,
,
,
,
,
,
,
,
,
,
,
,
,
,
,
,
,
,
,
,
,
,
,
,
,
,
,
,
,
,
,
,
,
,
,
,
,
,
,
,
,
,
,
,
,
,
,
,
,
,
,
,
,
,
,
,
,
,
,
,
,
,
,
,
,
,
,
,
,
,
,
,
,
,
,
,
,
,
,
,
,
,
,
,
,
,
,
,
,
,
,
,
,
,
,
,
,
,
,
,
,
,
,
,
,
,
,
,
,
,
,
,
,
,
,
,
,
,
,
,
,
,
,
,
,
,
,
,
,
,
,
,
,
,
,
,
,
,
,
,
,
,
,
,
,
,
,
,
,
,
,
,
,
,
,
,
,
,
,
,
,
,
,
,
,
,
,
,
,
,
,
,
,
,
,
,
,
,
,
,
,
,
,
,
,
,
,
,
,
,
,
,
,
,
,
,
,
,
,
,
,
,
,
,
,
,
,
,
,
,
,
,
,
,
,
,
,
,
,
,
,
,
,
,
,
,
,
,
,
,
,
,
,
,
,
,
,
,
,
,
,
,
,
,
,
,
,
,
,
,
,
,
,
,
,
,
,
,
,
,
,
,
,
,
,
,
,
,
,
,
,
,
,
,
,
,
,
,
,
,
,
,
,
,
,
,
,
,
,
,
,
,
,
,
,
,
,
,
,
,
,
,
,
,
,
,
,
,
,
,
,
,
,
,
,
,
,
,
,
,
,
,
,
,
,
,
,
,
,
,
,
,
,
,
,
,
,
,
,
,
,
,
,
,
,
,
,
,
,
,
,
,
,
,
,
,
,
,
,
,
,
,
,
,
,
,
,
,
,
,
,
,
,
,
,
,
,
,
,
,
,
,
,
,
,
,
,
,
,
,
,
,
,
,
,
,
,
,
,
,
,
,
,
,
,
,
,
,
,
,
,
,
,
,
,
,
,
,
,
,
,
,
,
,
,
,
,
,
,
,
,
,
,
,
,
,
,
,
,
,
,
,
,
,
,
,
,
,
,
,
,
,
,
,
,
,
,
,
,
,
,
,
,
,
,
,
,
,
,
,
,
,
,
,
,
,
,
,
,
,
,
,
,
,
,
,
,
,
,
,
,
,
,
,
,
,
,
,
,
,
,
,
,
,
,
,
,
,
,
,
,
,
,
,
,
,
,
,
,
,
,
,
,
,
,
,
,
,
,
,
,
,
,
,
,
,
,
,
,
,
,
,
,
,
,
,
,
,
,
,
,
,
,
,
,
,
,
,
,
,
,
,
,
,
,
,
,
,
,
,
,
,
,
,
,
,
,
,
,
,
,
,
,
,
,
,
,
,
,
,
,
,
,
,
,
,
,
,
,
,
,
,
,
,
,
,
,
,
,
,
,
,
,
,
,
,
,
,
,
,
,
,
,
,
,
,
,
,
,
,
,
,
,
,
,
,
,
,
,
,
,
,
,
,
,
,
,
,
,
,
,
,
,
,
,
,
,
,
,
,
,
,
,
,
,
,
,
,
,
,
,
,
,
,
,
,
,
,
,
,
,
,
,
,
,
,
,
,
,
,
,
,
,
,
,
,
,
,
,
,
,
,
,
,
,
,
,
,
,
,
,
,
,
,
,
,
,
,
,
,
,
,
,
,
,
,
,
,
,
,
,
,
,
,
,
,
,
,
,
,
,
,
,
,
,
,
,
,
,
,
,
,
,
,
,
,
,
,
,
,
,
,
,
,
,
,
,
,
,
,
,
,
,
,
,
,
,
,
,
,
,
,
,
,
,
,
,
,
,
,
,
,
,
,
,
,
,
,
,
,
,
,
,
,
,
,
,
,
,
,
,
,
,
,
,
,
,
,
,
,
,
,
,
,
,
,
,
,
,
,
,
,
,
,
,
,
,
,
,
,
,
,
,
,
,
,
,
,
,
,
,
,
,
,
,
,
,
,
,
,
,
,
,
,
,
,
,
,
,
,
,
,
,
,
,
,
,
,
,
,
,
,
,
,
,
,
,
,
,
,
,
,
,
,
,
,
,
,
,
,
,
,
,
,
,
,
,
,
,
,
,
,
,
,
,
,
,
,
,
,
,
,
,
,
,
,
,
,
,
,
,
,
,
,
,
,
,
,
,
,
,
,
,
,
,
,
,
,
,
,
,
,
,
,
,
,
,
,
,
,
,
,
,
,
,
,
,
,
,
,
,
,
,
,
,
,
,
,
,
,
,
,
,
,
,
,
,
,
,
,
,
,
,
,
,
,
,
,
,
,
,
,
,
,
,
,
,
,
,
,
,
,
,
,
,
,
,
,
,
,
,
,
,
,
,
,
,
,
,
,
,
,
,
,
,
,
,
,
,
,
,
,
,
,
,
,
,
,
,
,
,
,
,
,
,
,
,
,
,
,
,
,
,
,
,
,
,
,
,
,
,
,
,
,
,
,
,
,
,
,
,
,
,
,
,
,
,
,
,
,
,
,
,
,
,
,
,
,
,
,
,
,
,
,
,
,
,
,
,
,
,
,
,
,
,
,
,
,
,
,
,
,
,
,
,
,
,
,
,
,
,
,
,
,
,
,
,
,
,
,
,
,
,
,
,
,
,
,
,
,
,
,
,
,
,
,
,
,
,
,
,
,
,
,
,
,
,
,
,
,
,
,
,
,
,
,
,
,
,
,
,
,
,
,
,
,
,
,
,
,
,
,
,
,
,
,
,
,
,
,
,
,
,
,
,
,
,
,
,
,
,
,
,
,
,
,
,
,
,
,
,
,
,
,
,
,
,
,
,
,
,
,
,
,
,
,
,
,
,
,
,
,
,
,
,
,
,
,
,
,
,
,
,
,
,
,
,
,
,
,
,
,
,
,
,
,
,
,
,
,
,
,
,
,
,
,
,
,
,
,
,
,
,
,
,
,
,
,
,
,
,
,
,
,
,
,
,
,
,
,
,
,
,
,
,
,
,
,
,
,
,
,
,
,
,
,
,
,
,
,
,
,
,
,
,
,
,
,
,
,
,
,
,
,
,
,
,
,
,
,
,
,
,
,
,
,
,
,
,
,
,
,
,
,
,
,
,
,
,
,
,
,
,
,
,
,
,
,
,
,
,
,
,
,
,
,
,
,
,
,
,
,
,
,
,
,
,
,
,
,
,
,
,
,
,
,
,
,
,
,
,
,
,
,
,
,
,
,
,
,
,
,
,
,
,
,
,
,
,
,
,
,
,
,
,
,
,
,
,
,
,
,
,
,
,
,
,
,
,
,
,
,
,
,
,
,
,
,
,
,
,
,
,
,
,
,
,
,
,
,
,
,
,
,
,
,
,
,
,
,
,
,
,
,
,
,
,
,
,
,
,
,
,
,
,
,
,
,
,
,
,
,
,
,
,
,
,
,
,
,
,
,
,
,
,
,
,
,
,
,
,
,
,
,
,
,
,
,
,
,
,
,
,
,
,
,
,
,
,
,
,
,
,
,
,
,
,
,
,
,
,
,
,
,
,
,
,
,
,
,
,
,
,
,
,
,
,
,
,
,
,
,
,
,
,
,
,
,
,
,
,
,
,
,
,
,
,
,
,
,
,
,
,
,
,
,
,
,
,
,
,
,
,
,
,
,
,
,
,
,
,
,
,
,
,
,
,
,
,
,
,
,
,
,
,
,
,
,
,
,
,
,
,
,
,
,
,
,
,
,
,
,
,
,
,
,
,
,
,
,
,
,
,
,
,
,
,
,
,
,
,
,
,
,
,
,
,
,
,
,
,
,
,
,
,
,
,
,
,
,
,
,
,
,
,
,
,
,
,
,
,
,
,
,
,
,
,
,
,
,
,
,
,
,
,
,
,
,
,
,
,
,
,
,
,
,
,
,
,
,
,
,
,
,
,
,
,
,
,
,
,
,
,
,
,
,
,
,
,
,
,
,
,
,
,
,
,
,
,
,
,
,
,
,
,
,
,
,
,
,
,
,
,
,
,
,
,
,
,
,
,
,
,
,
,
,
,
,
,
,
,
,
,
,
,
,
,
,
,
,
,
,
,
,
,
,
,
,
,
,
,
,
,
,
,
,
,
,
,
,
,
,
,
,
,
,
,
,
,
,
,
,
,
,
,
,
,
,
,
,
,
,
,
,
,
,
,
,
,
,
,
,
,
,
,
,
,
,
,
,
,
,
,
,
,
,
,
,
,
,
,
,
,
,
,
,
,
,
,
,
,
,
,
,
,
,
,
,
,
,
,
,
,
,
,
,
,
,
,
,
,
,
,
,
,
,
,
,
,
,
,
,
,
,
,
,
,
,
,
,
,
,
,
,
,
,
,
,
,
,
,
,
,
,
,
,
,
,
,
,
,
,
,
,
,
,
,
,
,
,
,
,
,
,
,
,
,
,
,
,
,
,
,
,
,
,
,
,
,
,
,
,
,
,
,
,
,
,
,
,
,
,
,
,
,
,
,
,
,
,
,
,
,
,
,
,
,
,
,
,
,
,
,
,
,
,
,
,
,
,
,
,
,
,
,
,
,
,
,
,
,
,
,
,
,
,
,
,
,
,
,
,
,
,
,
,
,
,
,
,
,
,
,
,
,
,
,
,
,
,
,
,
,
,
,
,
,
,
,
,
,
,
,
,
,
,
,
,
,
,
,
,
,
,
,
,
,
,
,
,
,
,
,
,
,
,
,
,
,
,
,
,
,
,
,
,
,
,
,
,
,
,
,
,
,
,
,
,
,
,
,
,
,
,
,
,
,
,
,
,
,
,
,
,
,
,
,
,
,
,
,
,
,
,
,
,
,
,
,
,
,
,
,
,
,
,
,
,
,
,
,
,
,
,
,
,
,
,
,
,
,
,
,
,
,
,
,
,
,
,
,
,
,
,
,
,
,
,
,
,
,
,
,
,
,
,
,
,
,
,
,
,
,
,
,
,
,
,
,
,
,
,
,
,
,
,
,
,
,
,
,
,
,
,
,
,
,
,
,
,
,
,
,
,
,
,
,
,
,
,
,
,
,
,
,
,
,
,
,
,
,
,
,
,
,
,
,
,
,
,
,
,
,
,
,
,
,
,
,
,
,
,
,
,
,
,
,
,
,
,
,
,
,
,
,
,
,
,
,
,
,
,
,
,
,
,
,
,
,
,
,
,
,
,
,
,
,
,
,
,
,
,
,
,
,
,
,
,
,
,
,
,
,
,
,
,
,
,
,
,
,
,
,
,
,
,
,
,
,
,
,
,
,
,
,
,
,
,
,
,
,
,
,
,
,
,
,
,
,
,
,
,
,
,
,
,
,
,
,
,
,
,
,
,
,
,
,
,
,
,
,
,
,
,
,
,
,
,
,
,
,
,
,
,
,
,
,
,
,
,
,
,
,
,
,
,
,
,
,
,
,
,
,
,
,
,
,
,
,
,
,
,
,
,
,
,
,
,
,
,
,
,
,
,
,
,
,
,
,
,
,
,
,
,
,
,
,
,
,
,
,
,
,
,
,
,
,
,
,
,
,
,
,
,
,
,
,
,
,
,
,
,
,
,
,
,
,
,
,
,
,
,
,
,
,
,
,
,
,
,
,
,
,
,
,
,
,
,
,
,
,
,
,
,
,
,
,
,
,
,
,
,
,
,
,
,
,
,
,
,
,
,
,
,
,
,
,
,
,
,
,
,
,
,
,
,
,
,
,
,
,
,
,
,
,
,
,
,
,
,
,
,
,
,
,
,
,
,
,
,
,
,
,
,
,
,
,
,
,
,
,
,
,
,
,
,
,
,
,
,
,
,
,
,
,
,
,
,
,
,
,
,
,
,
,
,
,
,
,
,
,
,
,
,
,
,
,
,
,
,
,
,
,
,
,
,
,
,
,
,
,
,
,
,
,
,
,
,
,
,
,
,
,
,
,
,
,
,
,
,
,
,
,
,
,
,
,
,
,
,
,
,
,
,
,
,
,
,
,
,
,
,
,
,
,
,
,
,
,
,
,
,
,
,
,
,
,
,
,
,
,
,
,
,
,
,
,
,
,
,
,
,
,
,
,
,
,
,
,
,
,
,
,
,
,
,
,
,
,
,
,
,
,
,
,
,
,
,
,
,
,
,
,
,
,
,
,
,
,
,
,
,
,
,
,
,
,
,
,
,
,
,
,
,
,
,
,
,
,
,
,
,
,
,
,
,
,
,
,
,
,
,
,
,
,
,
,
,
,
,
,
,
,
,
,
,
,
,
,
,
,
,
,
,
,
,
,
,
,
,
,
,
,
,
,
,
,
,
,
,
,
,
,
,
,
,
,
,
,
,
,
,
,
,
,
,
,
,
,
,
,
,
,
,
,
,
,
,
,
,
,
,
,
,
,
,
,
,
,
,
,
,
,
,
,
,
,
,
,
,
,
,
,
,
,
,
,
,
,
,
,
,
,
,
,
,
,
,
,
,
,
,
,
,
,
,
,
,
,
,
,
,
,
,
,
,
,
,
,
,
,
,
,
,
,
,
,
,
,
,
,
,
,
,
,
,
,
,
,
,
,
,
,
,
,
,
,
,
,
,
,
,
,
,
,
,
,
,
,
,
,
,
,
,
,
,
,
,
,
,
,
,
,
,
,
,
,
,
,
,
,
,
,
,
,
,
,
,
,
,
,
,
,
,
,
,
,
,
,
,
,
,
,
,
,
,
,
,
,
,
,
,
,
,
,
,
,
,
,
,
,
,
,
,
,
,
,
,
,
,
,
,
,
,
,
,
,
,
,
,
,
,
,
,
,
,
,
,
,
,
,
,
,
,
,
,
,
,
,
,
,
,
,
,
,
,
,
,
,
,
,
,
,
,
,
,
,
,
,
,
,
,
,
,
,
,
,
,
,
,
,
,
,
,
,
,
,
,
,
,
,
,
,
,
,
,
,
,
,
,
,
,
,
,
,
,
,
,
,
,
,
,
,
,
,
,
,
,
,
,
,
,
,
,
,
,
,
,
,
,
,
,
,
,
,
,
,
,
,
,
,
,
,
,
,
,
,
,
,
,
,
,
,
,
,
,
,
,
,
,
,
,
,
,
,
,
,
,
,
,
,
,
,
,
,
,
,
,
,
,
,
,
,
,
,
,
,
,
,
,
,
,
,
,
,
,
,
,
,
,
,
,
,
,
,
,
,
,
,
,
,
,
,
,
,
,
,
,
,
,
,
,
,
,
,
,
,
,
,
,
,
,
,
,
,
,
,
,
,
,
,
,
,
,
,
,
,
,
,
,
,
,
,
,
,
,
,
,
,
,
,
,
,
,
,
,
,
,
,
,
,
,
,
,
,
,
,
,
,
,
,
,
,
,
,
,
,
,
,
,
,
,
,
,
,
,
,
,
,
,
,
,
,
,
,
,
,
,
,
,
,
,
,
,
,
,
,
,
,
,
,
,
,
,
,
,
,
,
,
,
,
,
,
,
,
,
,
,
,
,
,
,
,
,
,
,
,
,
,
,
,
,
,
,
,
,
,
,
,
,
,
,
,
,
,
,
,
,
,
,
,
,
,
,
,
,
,
,
,
,
,
,
,
,
,
,
,
,
,
,
,
,
,
,
,
,
,
,
,
,
,
,
,
,
,
,
,
,
,
,
,
,
,
,
,
,
,
,
,
,
,
,
,
,
,
,
,
,
,
,
,
,
,
,
,
,
,
,
,
,
,
,
,
,
,
,
,
,
,
,
,
,
,
,
,
,
,
,
,
,
,
,
,
,
,
,
,
,
,
,
,
,
,
,
,
,
,
,
,
,
,
,
,
,
,
,
,
,
,
,
,
,
,
,
,
,
,
,
,
,
,
,
,
,
,
,
,
,
,
,
,
,
,
,
,
,
,
,
,
,
,
,
,
,
,
,
,
,
,
,
,
,
,
,
,
,
,
,
,
,
,
,
,
,
,
,
,
,
,
,
,
,
,
,
,
,
,
,
,
,
,
,
,
,
,
,
,
,
,
,
,
,
,
,
,
,
,
,
,
,
,
,
,
,
,
,
,
,
,
,
,
,
,
,
,
,
,
,
,
,
,
,
,
,
,
,
,
,
,
,
,
,
,
,
,
,
,
,
,
,
,
,
,
,
,
,
,
,
,
,
,
,
,
,
,
,
,
,
,
,
,
,
,
,
,
,
,
,
,
,
,
,
,
,
,
,
,
,
,
,
,
,
,
,
,
,
,
,
,
,
,
,
,
,
,
,
,
,
,
,
,
,
,
,
,
,
,
,
,
,
,
,
,
,
,
,
,
,
,
,
,
,
,
,
,
,
,
,
,
,
,
,
,
,
,
,
,
,
,
,
,
,
,
,
,
,
,
,
,
,
,
,
,
,
,
,
,
,
,
,
,
,
,
,
,
,
,
,
,
,
,
,
,
,
,
,
,
,
,
,
,
,
,
,
,
,
,
,
,
,
,
,
,
,
,
,
,
,
,
,
,
,
,
,
,
,
,
,
,
,
,
,
,
,
,
,
,
,
,
,
,
,
,
,
,
,
,
,
,
,
,
,
,
,
,
,
,
,
,
,
,
,
,
,
,
,
,
,
,
,
,
,
,
,
,
,
,
,
,
,
,
,
,
,
,
,
,
,
,
,
,
,
,
,
,
,
,
,
,
,
,
,
,
,
,
,
,
,
,
,
,
,
,
,
,
,
,
,
,
,
,
,
,
,
,
,
,
,
,
,
,
,
,
,
,
,
,
,
,
,
,
,
,
,
,
,
,
,
,
,
,
,
,
,
,
,
,
,
,
,
,
,
,
,
,
,
,
,
,
,
,
,
,
,
,
,
,
,
,
,
,
,
,
,
,
,
,
,
,
,
,
,
,
,
,
,
,
,
,
,
,
,
,
,
,
,
,
,
,
,
,
,
,
,
,
,
,
,
,
,
,
,
,
,
,
,
,
,
,
,
,
,
,
,
,
,
,
,
,
,
,
,
,
,
,
,
,
,
,
,
,
,
,
,
,
,
,
,
,
,
,
,
,
,
,
,
,
,
,
,
,
,
,
,
,
,
,
,
,
,
,
,
,
,
,
,
,
,
,
,
,
,
,
,
,
,
,
,
,
,
,
,
,
,
,
,
,
,
,
,
,
,
,
,
,
,
,
,
,
,
,
,
,
,
,
,
,
,
,
,
,
,
,
,
,
,
,
,
,
,
,
,
,
,
,
,
,
,
,
,
,
,
,
,
,
,
,
,
,
,
,
,
,
,
,
,
,
,
,
,
,
,
,
,
,
,
,
,
,
,
,
,
,
,
,
,
,
,
,
,
,
,
,
,
,
,
,
,
,
,
,
,
,
,
,
,
,
,
,
,
,
,
,
,
,
,
,
,
,
,
,
,
,
,
,
,
,
,
,
,
,
,
,
,
,
,
,
,
,
,
,
,
,
,
,
,
,
,
,
,
,
,
,
,
,
,
,
,
,
,
,
,
,
,
,
,
,
,
,
,
,
,
,
,
,
,
,
,
,
,
,
,
,
,
,
,
,
,
,
,
,
,
,
,
,
,
,
,
,
,
,
,
,
,
,
,
,
,
,
,
,
,
,
,
,
,
,
,
,
,
,
,
,
,
,
,
,
,
,
,
,
,
,
,
,
,
,
,
,
,
,
,
,
,
,
,
,
,
,
,
,
,
,
,
,
,
,
,
,
,
,
,
,
,
,
,
,
,
,
,
,
,
,
,
,
,
,
,
,
,
,
,
,
,
,
,
,
,
,
,
,
,
,
,
,
,
,
,
,
,
,
,
,
,
,
,
,
,
,
,
,
,
,
,
,
,
,
,
,
,
,
,
,
,
,
,
,
,
,
,
,
,
,
,
,
,
,
,
,
,
,
,
,
,
,
,
,
,
,
,
,
,
,
,
,
,
,
,
,
,
,
,
,
,
,
,
,
,
,
,
,
,
,
,
,
,
,
,
,
,
,
,
,
,
,
,
,
,
,
,
,
,
,
,
,
,
,
,
,
,
,
,
,
,
,
,
,
,
,
,
,
,
,
,
,
,
,
,
,
,
,
,
,
,
,
,
,
,
,
,
,
,
,
,
,
,
,
,
,
,
,
,
,
,
,
,
,
,
,
,
,
,
,
,
,
,
,
,
,
,
,
,
,
,
,
,
,
,
,
,
,
,
,
,
,
,
,
,
,
,
,
,
,
,
,
,
,
,
,
,
,
,
,
,
,
,
,
,
,
,
,
,
,
,
,
,
,
,
,
,
,
,
,
,
,
,
,
,
,
,
,
,
,
,
,
,
,
,
,
,
,
,
,
,
,
,
,
,
,
,
,
,
,
,
,
,
,
,
,
,
,
,
,
,
,
,
,
,
,
,
,
,
,
,
,
,
,
,
,
,
,
,
,
,
,
,
,
,
,
,
,
,
,
,
,
,
,
,
,
,
,
,
,
,
,
,
,
,
,
,
,
,
,
,
,
,
,
,
,
,
,
,
,
,
,
,
,
,
,
,
,
,
,
,
,
,
,
,
,
,
,
,
,
,
,
,
,
,
,
,
,
,
,
,
,
,
,
,
,
,
,
,
,
,
,
,
,
,
,
,
,
,
,
,
,
,
,
,
,
,
,
,
,
,
,
,
,
,
,
,
,
,
,
,
,
,
,
,
,
,
,
,
,
,
,
,
,
,
,
,
,
,
,
,
,
,
,
,
,
,
,
,
,
,
,
,
,
,
,
,
,
,
,
,
,
,
,
,
,
,
,
,
,
,
,
,
,
,
,
,
,
,
,
,
,
,
,
,
,
,
,
,
,
,
,
,
,
,
,
,
,
,
,
,
,
,
,
,
,
,
,
,
,
,
,
,
,
,
,
,
,
,
,
,
,
,
,
,
,
,
,
,
,
,
,
,
,
,
,
,
,
,
,
,
,
,
,
,
,
,
,
,
,
,
,
,
,
,
,
,
,
,
,
,
,
,
,
,
,
,
,
,
,
,
,
,
,
,
,
,
,
,
,
,
,
,
,
,
,
,
,
,
,
,
,
,
,
,
,
,
,
,
,
,
,
,
,
,
,
,
,
,
,
,
,
,
,
,
,
,
,
,
,
,
,
,
,
,
,
,
,
,
,
,
,
,
,
,
,
,
,
,
,
,
,
,
,
,
,
,
,
,
,
,
,
,
,
,
,
,
,
,
,
,
,
,
,
,
,
,
,
,
,
,
,
,
,
,
,
,
,
,
,
,
,
,
,
,
,
,
,
,
,
,
,
,
,
,
,
,
,
,
,
,
,
,
,
,
,
,
,
,
,
,
,
,
,
,
,
,
,
,
,
,
,
,
,
,
,
,
,
,
,
,
,
,
,
,
,
,
,
,
,
,
,
,
,
,
,
,
,
,
,
,
,
,
,
,
,
,
,
,
,
,
,
,
,
,
,
,
,
,
,
,
,
,
,
,
,
,
,
,
,
,
,
,
,
,
,
,
,
,
,
,
,
,
,
,
,
,
,
,
,
,
,
,
,
,
,
,
,
,
,
,
,
,
,
,
,
,
,
,
,
,
,
,
,
,
,
,
,
,
,
,
,
,
,
,
,
,
,
,
,
,
,
,
,
,
,
,
,
,
,
,
,
,
,
,
,
,
,
,
,
,
,
,
,
,
,
,
,
,
,
,
,
,
,
,
,
,
,
,
,
,
,
,
,
,
,
,
,
,
,
,
,
,
,
,
,
,
,
,
,
,
,
,
,
,
,
,
,
,
,
,
,
,
,
,
,
,
,
,
,
,
,
,
,
,
,
,
,
,
,
,
,
,
,
,
,
,
,
,
,
,
,
,
,
,
,
,
,
,
,
,
,
,
,
,
,
,
,
,
,
,
,
,
,
,
,
,
,
,
,
,
,
,
,
,
,
,
,
,
,
,
,
,
,
,
,
,
,
,
,
,
,
,
,
,
,
,
,
,
,
,
,
,
,
,
,
,
,
,
,
,
,
,
,
,
,
,
,
,
,
,
,
,
,
,
,
,
,
,
,
,
,
,
,
,
,
,
,
,
,
,
,
,
,
,
,
,
,
,
,
,
,
,
,
,
,
,
,
,
,
,
,
,
,
,
,
,
,
,
,
,
,
,
,
,
,
,
,
,
,
,
,
,
,
,
,
,
,
,
,
,
,
,
,
,
,
,
,
,
,
,
,
,
,
,
,
,
,
,
,
,
,
,
,
,
,
,
,
,
,
,
,
,
,
,
,
,
,
,
,
,
,
,
,
,
,
,
,
,
,
,
,
,
,
,
,
,
,
,
,
,
,
,
,
,
,
,
,
,
,
,
,
,
,
,
,
,
,
,
,
,
,
,
,
,
,
,
,
,
,
,
,
,
,
,
,
,
,
,
,
,
,
,
,
,
,
,
,
,
,
,
,
,
,
,
,
,
,
,
,
,
,
,
,
,
,
,
,
,
,
,
,
,
,
,
,
,
,
,
,
,
,
,
,
,
,
,
,
,
,
,
,
,
,
,
,
,
,
,
,
,
,
,
,
,
,
,
,
,
,
,
,
,
,
,
,
,
,
,
,
,
,
,
,
,
,
,
,
,
,
,
,
,
,
,
,
,
,
,
,
,
,
,
,
,
,
,
,
,
,
,
,
,
,
,
,
,
,
,
,
,
,
,
,
,
,
,
,
,
,
,
,
,
,
,
,
,
,
,
,
,
,
,
,
,
,
,
,
,
,
,
,
,
,
,
,
,
,
,
,
,
,
,
,
,
,
,
,
,
,
,
,
,
,
,
,
,
,
,
,
,
,
,
,
,
,
,
,
,
,
,
,
,
,
,
,
,
,
,
,
,
,
,
,
,
,
,
,
,
,
,
,
,
,
,
,
,
,
,
,
,
,
,
,
,
,
,
,
,
,
,
,
,
,
,
,
,
,
,
,
,
,
,
,
,
,
,
,
,
,
,
,
,
,
,
,
,
,
,
,
,
,
,
,
,
,
,
,
,
,
,
,
,
,
,
,
,
,
,
,
,
,
,
,
,
,
,
,
,
,
,
,
,
,
,
,
,
,
,
,
,
,
,
,
,
,
,
,
,
,
,
,
,
,
,
,
,
,
,
,
,
,
,
,
,
,
,
,
,
,
,
,
,
,
,
,
,
,
,
,
,
,
,
,
,
,
,
,
,
,
,
,
,
,
,
,
,
,
,
,
,
,
,
,
,
,
,
,
,
,
,
,
,
,
,
,
,
,
,
,
,
,
,
,
,
,
,
,
,
,
,
,
,
,
,
,
,
,
,
,
,
,
,
,
,
,
,
,
,
,
,
,
,
,
,
,
,
,
,
,
,
,
,
,
,
,
,
,
,
,
,
,
,
,
,
,
,
,
,
,
,
,
,
,
,
,
,
,
,
,
,
,
,
,
,
,
,
,
,
,
,
,
,
,
,
,
,
,
,
,
,
,
,
,
,
,
,
,
,
,
,
,
,
,
,
,
,
,
,
,
,
,
,
,
,
,
,
,
,
,
,
,
,
,
,
,
,
,
,
,
,
,
,
,
,
,
,
,
,
,
,
,
,
,
,
,
,
,
,
,
,
,
,
,
,
,
,
,
,
,
,
,
,
,
,
,
,
,
,
,
,
,
,
,
,
,
,
,
,
,
,
,
,
,
,
,
,
,
,
,
,
,
,
,
,
,
,
,
,
,
,
,
,
,
,
,
,
,
,
,
,
,
,
,
,
,
,
,
,
,
,
,
,
,
,
,
,
,
,
,
,
,
,
,
,
,
,
,
,
,
,
,
,
,
,
,
,
,
,
,
,
,
,
,
,
,
,
,
,
,
,
,
,
,
,
,
,
,
,
,
,
,
,
,
,
,
,
,
,
,
,
,
,
,
,
,
,
,
,
,
,
,
,
,
,
,
,
,
,
,
,
,
,
,
,
,
,
,
,
,
,
,
,
,
,
,
,
,
,
,
,
,
,
,
,
,
,
,
,
,
,
,
,
,
,
,
,
,
,
,
,
,
,
,
,
,
,
,
,
,
,
,
,
,
,
,
,
,
,
,
,
,
,
,
,
,
,
,
,
,
,
,
,
,
,
,
,
,
,
,
,
,
,
,
,
,
,
,
,
,
,
,
,
,
,
,
,
,
,
,
,
,
,
,
,
,
,
,
,
,
,
,
,
,
,
,
,
,
,
,
,
,
,
,
,
,
,
,
,
,
,
,
,
,
,
,
,
,
,
,
,
,
,
,
,
,
,